Index,Project Name,Developer,Truth Score,Primary Emotion,SEO Title,Title Chars,Meta Description,Desc Chars,Reasoning,Expected CTR Improvement,Confidence
1,DLF The Arbour,DLF,87,DECISION,"DLF The Arbour Review (2026): Buy, Wait or Avoid?",49,"Before paying the booking amount, understand what sales brochures don't tell you about delivery schedules, pricing, and developer history.",138,Triggers high-intent decision anxiety. Positioned for buyers seeking a definitive 'Buy / Wait / Avoid' call on DLF The Arbour before signing.,+210% to +320%,10
2,DLF Privana South,DLF,85,VERDICT,DLF Privana South: Worth Buying or Marketing Hype?,50,"Is DLF Privana South worth the price tag? Read our independent verdict on construction pace, legal clarity, and actual possession dates before booking.",151,Appeals to buyer skepticism. Evaluates whether DLF Privana South lives up to developer marketing or carries hidden delivery/legal compromises.,+190% to +280%,9
3,DLF Privana North,DLF,84,CONFIDENCE,DLF Privana North Review: Read Before You Book,46,"Protect your capital before booking DLF Privana North. Get an independent evaluation of delivery schedules, builder history, and true market value.",147,Instills pre-transaction caution. Category-defining hook that establishes Truth Estate checking as mandatory before booking.,+230% to +350%,10
4,DLF Privana West,DLF,84,RISK,DLF Privana West Review: Legal & Delivery Risks,47,"Before you sign the booking agreement for DLF Privana West, review the unvarnished risks on legal clarity, delivery timelines, and developer history.",149,"Targets loss aversion. Captures buyers actively searching for complaints, litigation, or delay history on DLF Privana West.",+240% to +360%,10
5,DLF Gardencity Enclave Phase - 1,DLF,81,EDITORIAL,Would We Invest in DLF Gardencity Enclave Phase - 1? Review,59,A single unexpected delay or legal clause can cost crores. See our independent evaluation of DLF Gardencity Enclave Phase - 1 before making a deposit.,150,"Positions Truth Estate as a trusted peer & Family Office advisor. Written in restraint-first, high-credibility tone.",+180% to +260%,9
6,DLF Gardencity Enclave Phase - 2,DLF,80,NEGOTIATION,DLF Gardencity Enclave Phase - 2 Review: Is Price Justified?,60,"Before paying DLF Gardencity Enclave Phase - 2's asking price, compare true market valuation, construction pace, and legal health against adjacent options.",155,Provides financial self-defense. Gives high-net-worth buyers price transparency and valuation leverage before signing.,+175% to +250%,9
7,DLF The Dahlias,DLF,79,CURIOSITY,DLF The Dahlias Review: What Sales Won't Tell You,49,"Uncover what sales offices don't disclose about DLF The Dahlias. Independent analysis of delivery timelines, legal safety, and real costs.",138,Leverages informational asymmetry. Appeals to buyers who sense developer brochures omit critical execution risks.,+220% to +310%,10
8,Ashiana Amarah Phase - 3 & 3A,Ashiana Group,79,DECISION,"Ashiana Amarah Phase - 3 & 3A Review: Buy, Wait or Avoid?",57,"Before paying the booking amount, understand what sales brochures don't tell you about delivery schedules, pricing, and developer history.",138,Triggers high-intent decision anxiety. Positioned for buyers seeking a definitive 'Buy / Wait / Avoid' call on Ashiana Amarah Phase - 3 & 3A before signing.,+210% to +320%,10
9,Puri Diplomatic Residences,Puri Constructions,78,VERDICT,Puri Diplomatic Residences: Worth Buying or Marketing Hype?,59,"Before booking Puri Diplomatic Residences, separate developer marketing claims from real construction velocity, legal safety, and delivery outlook.",147,Appeals to buyer skepticism. Evaluates whether Puri Diplomatic Residences lives up to developer marketing or carries hidden delivery/legal compromises.,+190% to +280%,9
10,Ashiana Aaroham Phase - 1,Ashiana Group,77,CONFIDENCE,Ashiana Aaroham Phase - 1 Review: Read Before You Book,54,"Protect your capital before booking Ashiana Aaroham Phase - 1. Get an independent evaluation of delivery schedules, builder history, and true market value.",155,Instills pre-transaction caution. Category-defining hook that establishes Truth Estate checking as mandatory before booking.,+230% to +350%,10
11,Puri The Aravallis,Puri Constructions,77,RISK,Puri The Aravallis Review: Legal & Delivery Risks,49,"Before you sign the booking agreement for Puri The Aravallis, review the unvarnished risks on legal clarity, delivery timelines, and developer history.",151,"Targets loss aversion. Captures buyers actively searching for complaints, litigation, or delay history on Puri The Aravallis.",+240% to +360%,10
12,Ashiana Amarah Phase - 2,Ashiana Group,77,EDITORIAL,Would We Invest in Ashiana Amarah Phase - 2? Review,51,A single unexpected delay or legal clause can cost crores. See our independent evaluation of Ashiana Amarah Phase - 2 before making a deposit.,142,"Positions Truth Estate as a trusted peer & Family Office advisor. Written in restraint-first, high-credibility tone.",+180% to +260%,9
13,Ashiana Amarah Phase - 1 & 1A,Ashiana Group,77,NEGOTIATION,Ashiana Amarah Phase - 1 & 1A Review: Is Price Justified?,57,"Are you paying a premium for developer branding? Compare fair market valuation, construction velocity, and legal risks for Ashiana Amarah Phase - 1 & 1A.",153,Provides financial self-defense. Gives high-net-worth buyers price transparency and valuation leverage before signing.,+175% to +250%,9
14,Sobha City Phase - 6,Sobha,76,CURIOSITY,Sobha City Phase - 6 Review: What Sales Won't Tell You,54,"Uncover what sales offices don't disclose about Sobha City Phase - 6. Independent analysis of delivery timelines, legal safety, and real costs.",143,Leverages informational asymmetry. Appeals to buyers who sense developer brochures omit critical execution risks.,+220% to +310%,10
15,Ashiana Amarah Phase - 4,Ashiana Group,75,DECISION,"Ashiana Amarah Phase - 4 Review (2026): Buy, Wait or Avoid?",59,"Before paying the booking amount, understand what sales brochures don't tell you about delivery schedules, pricing, and developer history.",138,Triggers high-intent decision anxiety. Positioned for buyers seeking a definitive 'Buy / Wait / Avoid' call on Ashiana Amarah Phase - 4 before signing.,+210% to +320%,10
16,M3M Altitude,M3M,75,VERDICT,M3M Altitude: Worth Buying or Marketing Hype?,45,"Is M3M Altitude worth the price tag? Read our independent verdict on construction pace, legal clarity, and actual possession dates before booking.",146,Appeals to buyer skepticism. Evaluates whether M3M Altitude lives up to developer marketing or carries hidden delivery/legal compromises.,+190% to +280%,9
17,M3M Crown Phase - 1,M3M,75,CONFIDENCE,M3M Crown Phase - 1 Review: Read Before You Book,48,"Protect your capital before booking M3M Crown Phase - 1. Get an independent evaluation of delivery schedules, builder history, and true market value.",149,Instills pre-transaction caution. Category-defining hook that establishes Truth Estate checking as mandatory before booking.,+230% to +350%,10
18,M3M Golf Hills Phase - 2,M3M,74,RISK,M3M Golf Hills Phase - 2 Review: Legal & Delivery Risks,55,"A single unexpected delay can cost crores. Review independent data on legal health, construction pace, and delivery risk for M3M Golf Hills Phase - 2.",150,"Targets loss aversion. Captures buyers actively searching for complaints, litigation, or delay history on M3M Golf Hills Phase - 2.",+240% to +360%,10
19,M3M Golf Hills Phase - 1,M3M,74,EDITORIAL,Would We Invest in M3M Golf Hills Phase - 1? Review,51,A single unexpected delay or legal clause can cost crores. See our independent evaluation of M3M Golf Hills Phase - 1 before making a deposit.,142,"Positions Truth Estate as a trusted peer & Family Office advisor. Written in restraint-first, high-credibility tone.",+180% to +260%,9
20,Sobha City Phase - 5,Sobha,74,NEGOTIATION,Sobha City Phase - 5 Review: True Value or Overpriced?,54,"Are you paying a premium for developer branding? Compare fair market valuation, construction velocity, and legal risks for Sobha City Phase - 5.",144,Provides financial self-defense. Gives high-net-worth buyers price transparency and valuation leverage before signing.,+175% to +250%,9
21,Ashiana Anmol Phase - 3,Ashiana Group,74,CURIOSITY,Ashiana Anmol Phase - 3 Review: What Sales Won't Tell You,57,"Uncover what sales offices don't disclose about Ashiana Anmol Phase - 3. Independent analysis of delivery timelines, legal safety, and real costs.",146,Leverages informational asymmetry. Appeals to buyers who sense developer brochures omit critical execution risks.,+220% to +310%,10
22,Elan The Presidential,Elan,73,DECISION,"Elan The Presidential Review (2026): Buy, Wait or Avoid?",56,"Before paying the booking amount, understand what sales brochures don't tell you about delivery schedules, pricing, and developer history.",138,Triggers high-intent decision anxiety. Positioned for buyers seeking a definitive 'Buy / Wait / Avoid' call on Elan The Presidential before signing.,+210% to +320%,10
23,Elan the Emperor,Elan,73,VERDICT,Elan the Emperor: Worth Buying or Marketing Hype?,49,"Is Elan the Emperor worth the price tag? Read our independent verdict on construction pace, legal clarity, and actual possession dates before booking.",150,Appeals to buyer skepticism. Evaluates whether Elan the Emperor lives up to developer marketing or carries hidden delivery/legal compromises.,+190% to +280%,9
24,M3M Mansion Phase - 1,M3M,72,CONFIDENCE,M3M Mansion Phase - 1 Review: Read Before You Book,50,"Protect your capital before booking M3M Mansion Phase - 1. Get an independent evaluation of delivery schedules, builder history, and true market value.",151,Instills pre-transaction caution. Category-defining hook that establishes Truth Estate checking as mandatory before booking.,+230% to +350%,10
25,Oberoi Realty 360 North,Oberoi Realty,72,RISK,Oberoi Realty 360 North Review: Legal & Delivery Risks,54,"A single unexpected delay can cost crores. Review independent data on legal health, construction pace, and delivery risk for Oberoi Realty 360 North.",149,"Targets loss aversion. Captures buyers actively searching for complaints, litigation, or delay history on Oberoi Realty 360 North.",+240% to +360%,10
26,Ashiana Aaroham Phase - 2,Ashiana Group,72,EDITORIAL,Would We Invest in Ashiana Aaroham Phase - 2? Review,52,A single unexpected delay or legal clause can cost crores. See our independent evaluation of Ashiana Aaroham Phase - 2 before making a deposit.,143,"Positions Truth Estate as a trusted peer & Family Office advisor. Written in restraint-first, high-credibility tone.",+180% to +260%,9
27,Elan The Statement,Elan,72,NEGOTIATION,Elan The Statement Review: True Value or Overpriced?,52,"Are you paying a premium for developer branding? Compare fair market valuation, construction velocity, and legal risks for Elan The Statement.",142,Provides financial self-defense. Gives high-net-worth buyers price transparency and valuation leverage before signing.,+175% to +250%,9
28,Emaar Amaris,Emaar,72,CURIOSITY,Emaar Amaris Review: What Sales Won't Tell You,46,"Uncover what sales offices don't disclose about Emaar Amaris. Independent analysis of delivery timelines, legal safety, and real costs.",135,Leverages informational asymmetry. Appeals to buyers who sense developer brochures omit critical execution risks.,+220% to +310%,10
29,Emaar The 88,Emaar,72,DECISION,"Emaar The 88 Review (2026): Buy, Wait or Avoid?",47,"Before paying the booking amount, understand what sales brochures don't tell you about delivery schedules, pricing, and developer history.",138,Triggers high-intent decision anxiety. Positioned for buyers seeking a definitive 'Buy / Wait / Avoid' call on Emaar The 88 before signing.,+210% to +320%,10
30,Signature Global Titanium SPR,Signature Global,71,VERDICT,Signature Global Titanium SPR Review: Worth Buying or Hype?,59,"Before booking Signature Global Titanium SPR, separate developer marketing claims from real construction velocity, legal safety, and delivery outlook.",150,Appeals to buyer skepticism. Evaluates whether Signature Global Titanium SPR lives up to developer marketing or carries hidden delivery/legal compromises.,+190% to +280%,9
31,Smartworld One DXP Phase - 2,Smartworld,71,CONFIDENCE,Smartworld One DXP Phase - 2 Review: Read Before You Book,57,"Protect your life's savings before signing for Smartworld One DXP Phase - 2. Review unvarnished data on delivery timelines, legal safety, and fair pricing.",155,Instills pre-transaction caution. Category-defining hook that establishes Truth Estate checking as mandatory before booking.,+230% to +350%,10
32,Emaar Urban Oasis Phase - 4,Emaar,71,RISK,Emaar Urban Oasis Phase - 4 Review: Legal & Delivery Risks,58,"A single unexpected delay can cost crores. Review independent data on legal health, construction pace, and delivery risk for Emaar Urban Oasis Phase - 4.",153,"Targets loss aversion. Captures buyers actively searching for complaints, litigation, or delay history on Emaar Urban Oasis Phase - 4.",+240% to +360%,10
33,M3M Trump Towers - 1,M3M,70,EDITORIAL,Would We Invest in M3M Trump Towers - 1? Review,47,A single unexpected delay or legal clause can cost crores. See our independent evaluation of M3M Trump Towers - 1 before making a deposit.,138,"Positions Truth Estate as a trusted peer & Family Office advisor. Written in restraint-first, high-credibility tone.",+180% to +260%,9
34,M3M Capital Phase - 2,M3M,70,NEGOTIATION,M3M Capital Phase - 2 Review: True Value or Overpriced?,55,"Are you paying a premium for developer branding? Compare fair market valuation, construction velocity, and legal risks for M3M Capital Phase - 2.",145,Provides financial self-defense. Gives high-net-worth buyers price transparency and valuation leverage before signing.,+175% to +250%,9
35,Signature Global De-Luxe DXP,Signature Global,70,CURIOSITY,Signature Global De-Luxe DXP Review: What Sales Hides,53,"Uncover what sales offices don't disclose about Signature Global De-Luxe DXP. Independent analysis of delivery timelines, legal safety, and real costs.",151,Leverages informational asymmetry. Appeals to buyers who sense developer brochures omit critical execution risks.,+220% to +310%,10
36,Smartworld One DXP,Smartworld,70,DECISION,"Smartworld One DXP Review (2026): Buy, Wait or Avoid?",53,"Before paying the booking amount, understand what sales brochures don't tell you about delivery schedules, pricing, and developer history.",138,Triggers high-intent decision anxiety. Positioned for buyers seeking a definitive 'Buy / Wait / Avoid' call on Smartworld One DXP before signing.,+210% to +320%,10
37,Emaar Urban Oasis - PHASE 1 & 2,Emaar,70,VERDICT,Is Emaar Urban Oasis - PHASE 1 & 2 Worth Buying? Review,55,"Before booking Emaar Urban Oasis - PHASE 1 & 2, separate developer marketing claims from real construction velocity, legal safety, and delivery outlook.",152,Appeals to buyer skepticism. Evaluates whether Emaar Urban Oasis - PHASE 1 & 2 lives up to developer marketing or carries hidden delivery/legal compromises.,+190% to +280%,9
38,Smartworld Sky Arc,Smartworld,69,CONFIDENCE,Smartworld Sky Arc Review: Read Before You Book,47,"Protect your capital before booking Smartworld Sky Arc. Get an independent evaluation of delivery schedules, builder history, and true market value.",148,Instills pre-transaction caution. Category-defining hook that establishes Truth Estate checking as mandatory before booking.,+230% to +350%,10
39,Ashiana Amarah Phase - 5,Ashiana Group,69,RISK,Ashiana Amarah Phase - 5 Review: Legal & Delivery Risks,55,"A single unexpected delay can cost crores. Review independent data on legal health, construction pace, and delivery risk for Ashiana Amarah Phase - 5.",150,"Targets loss aversion. Captures buyers actively searching for complaints, litigation, or delay history on Ashiana Amarah Phase - 5.",+240% to +360%,10
40,Whiteland Blissville Phase - 2,Whiteland,69,EDITORIAL,Would We Invest in Whiteland Blissville Phase - 2? Review,57,A single unexpected delay or legal clause can cost crores. See our independent evaluation of Whiteland Blissville Phase - 2 before making a deposit.,148,"Positions Truth Estate as a trusted peer & Family Office advisor. Written in restraint-first, high-credibility tone.",+180% to +260%,9
41,Delphine Central Park Estates Phase - 2,Central Park,69,NEGOTIATION,Delphine Central Park Estates Phase - 2 Review (2026),53,"Are you paying a premium for developer branding? Compare fair market valuation, construction velocity, and legal risks for Delphine Central Park Estates...",155,Provides financial self-defense. Gives high-net-worth buyers price transparency and valuation leverage before signing.,+175% to +250%,9
42,Whiteland Blissville Phase - 3,Whiteland,69,CURIOSITY,Whiteland Blissville Phase - 3 Review: What Sales Hides,55,"Uncover what sales offices don't disclose about Whiteland Blissville Phase - 3. Independent analysis of delivery timelines, legal safety, and real costs.",153,Leverages informational asymmetry. Appeals to buyers who sense developer brochures omit critical execution risks.,+220% to +310%,10
43,Central Park Bignonia Towers,Central Park,68,DECISION,"Central Park Bignonia Towers Review: Buy, Wait or Avoid?",56,"Before paying the booking amount, understand what sales brochures don't tell you about delivery schedules, pricing, and developer history.",138,Triggers high-intent decision anxiety. Positioned for buyers seeking a definitive 'Buy / Wait / Avoid' call on Central Park Bignonia Towers before signing.,+210% to +320%,10
44,Ashiana Mulberry Phase - 4,Ashiana Group,68,VERDICT,Ashiana Mulberry Phase - 4: Worth Buying or Marketing Hype?,59,"Before booking Ashiana Mulberry Phase - 4, separate developer marketing claims from real construction velocity, legal safety, and delivery outlook.",147,Appeals to buyer skepticism. Evaluates whether Ashiana Mulberry Phase - 4 lives up to developer marketing or carries hidden delivery/legal compromises.,+190% to +280%,9
45,Godrej Air Phase - 2,Godrej,68,CONFIDENCE,Godrej Air Phase - 2 Review: Read Before You Book,49,"Protect your capital before booking Godrej Air Phase - 2. Get an independent evaluation of delivery schedules, builder history, and true market value.",150,Instills pre-transaction caution. Category-defining hook that establishes Truth Estate checking as mandatory before booking.,+230% to +350%,10
46,Smartworld Trump Residences,Smartworld,68,RISK,Smartworld Trump Residences Review: Legal & Delivery Risks,58,"A single unexpected delay can cost crores. Review independent data on legal health, construction pace, and delivery risk for Smartworld Trump Residences.",153,"Targets loss aversion. Captures buyers actively searching for complaints, litigation, or delay history on Smartworld Trump Residences.",+240% to +360%,10
47,Whiteland the Aspen,Whiteland,68,EDITORIAL,Would We Invest in Whiteland the Aspen? Review,46,A single unexpected delay or legal clause can cost crores. See our independent evaluation of Whiteland the Aspen before making a deposit.,137,"Positions Truth Estate as a trusted peer & Family Office advisor. Written in restraint-first, high-credibility tone.",+180% to +260%,9
48,M3M Antalya Hills Phase - 1,M3M,67,NEGOTIATION,M3M Antalya Hills Phase - 1 Review: Is Price Justified?,55,"Are you paying a premium for developer branding? Compare fair market valuation, construction velocity, and legal risks for M3M Antalya Hills Phase - 1.",151,Provides financial self-defense. Gives high-net-worth buyers price transparency and valuation leverage before signing.,+175% to +250%,9
49,Emaar Urban Ascent,Emaar,67,CURIOSITY,Emaar Urban Ascent Review: What Sales Won't Tell You,52,"Uncover what sales offices don't disclose about Emaar Urban Ascent. Independent analysis of delivery timelines, legal safety, and real costs.",141,Leverages informational asymmetry. Appeals to buyers who sense developer brochures omit critical execution risks.,+220% to +310%,10
50,Godrej Air Phase - 3,Godrej,67,DECISION,"Godrej Air Phase - 3 Review (2026): Buy, Wait or Avoid?",55,"Before paying the booking amount, understand what sales brochures don't tell you about delivery schedules, pricing, and developer history.",138,Triggers high-intent decision anxiety. Positioned for buyers seeking a definitive 'Buy / Wait / Avoid' call on Godrej Air Phase - 3 before signing.,+210% to +320%,10
51,Signature Global Tonino Lamborghini Residences,Signature Global,67,VERDICT,Signature Global Tonino Lamborghini Residences Review (2026),60,"Is Signature Global Tonino Lamborghini Residences worth the price tag? Read our independent verdict on construction pace, legal clarity, and actual poss...",155,Appeals to buyer skepticism. Evaluates whether Signature Global Tonino Lamborghini Residences lives up to developer marketing or carries hidden delivery/legal compromises.,+190% to +280%,9
52,Tulip Monsella,Tulip,66,CONFIDENCE,Tulip Monsella Review: Read Before You Book,43,"Protect your capital before booking Tulip Monsella. Get an independent evaluation of delivery schedules, builder history, and true market value.",144,Instills pre-transaction caution. Category-defining hook that establishes Truth Estate checking as mandatory before booking.,+230% to +350%,10
53,Sobha Crescent Phase - 1,Sobha,66,RISK,Sobha Crescent Phase - 1 Review: Legal & Delivery Risks,55,"A single unexpected delay can cost crores. Review independent data on legal health, construction pace, and delivery risk for Sobha Crescent Phase - 1.",150,"Targets loss aversion. Captures buyers actively searching for complaints, litigation, or delay history on Sobha Crescent Phase - 1.",+240% to +360%,10
54,M3M Capital,M3M,65,EDITORIAL,Would We Invest in M3M Capital? Review,38,"Would we invest our own capital in M3M Capital by M3M? Read our analytical assessment of delivery timelines, legal safety, and pricing.",135,"Positions Truth Estate as a trusted peer & Family Office advisor. Written in restraint-first, high-credibility tone.",+180% to +260%,9
55,M3M Mansion Phase - 2,M3M,65,NEGOTIATION,M3M Mansion Phase - 2 Review: True Value or Overpriced?,55,"Are you paying a premium for developer branding? Compare fair market valuation, construction velocity, and legal risks for M3M Mansion Phase - 2.",145,Provides financial self-defense. Gives high-net-worth buyers price transparency and valuation leverage before signing.,+175% to +250%,9
56,Experion Nova / Windchants PHASE - C,Experion,65,CURIOSITY,Experion Nova / Windchants PHASE - C Review (2026),50,"Sales offices show you floor plans. We show you delivery track records, legal health, and what happens after you pay the booking fee.",133,Leverages informational asymmetry. Appeals to buyers who sense developer brochures omit critical execution risks.,+220% to +310%,10
57,Tulip Yellow,Tulip,65,DECISION,"Tulip Yellow Review (2026): Buy, Wait or Avoid?",47,"Before paying the booking amount, understand what sales brochures don't tell you about delivery schedules, pricing, and developer history.",138,Triggers high-intent decision anxiety. Positioned for buyers seeking a definitive 'Buy / Wait / Avoid' call on Tulip Yellow before signing.,+210% to +320%,10
58,Signature Global Cloverdale SPR,Signature Global,65,VERDICT,Is Signature Global Cloverdale SPR Worth Buying? Review,55,"Before booking Signature Global Cloverdale SPR, separate developer marketing claims from real construction velocity, legal safety, and delivery outlook.",152,Appeals to buyer skepticism. Evaluates whether Signature Global Cloverdale SPR lives up to developer marketing or carries hidden delivery/legal compromises.,+190% to +280%,9
59,M3M Opus at M3M Merlin,M3M,64,CONFIDENCE,M3M Opus at M3M Merlin Review: Read Before You Book,51,"Protect your capital before booking M3M Opus at M3M Merlin. Get an independent evaluation of delivery schedules, builder history, and true market value.",152,Instills pre-transaction caution. Category-defining hook that establishes Truth Estate checking as mandatory before booking.,+230% to +350%,10
60,Birla Arika,Birla Estates,64,RISK,Birla Arika Review: Legal & Delivery Risks,42,"Before you sign the booking agreement for Birla Arika, review the unvarnished risks on legal clarity, delivery timelines, and developer history.",144,"Targets loss aversion. Captures buyers actively searching for complaints, litigation, or delay history on Birla Arika.",+240% to +360%,10
61,Signature Global Twin Tower DXP,Signature Global,64,EDITORIAL,Would We Invest in Signature Global Twin Tower DXP? Review,58,A single unexpected delay or legal clause can cost crores. See our independent evaluation of Signature Global Twin Tower DXP before making a deposit.,149,"Positions Truth Estate as a trusted peer & Family Office advisor. Written in restraint-first, high-credibility tone.",+180% to +260%,9
62,Smartworld The Edition,Smartworld,64,NEGOTIATION,Smartworld The Edition Review: True Value or Overpriced?,56,"Are you paying a premium for developer branding? Compare fair market valuation, construction velocity, and legal risks for Smartworld The Edition.",146,Provides financial self-defense. Gives high-net-worth buyers price transparency and valuation leverage before signing.,+175% to +250%,9
63,Godrej Air Phase - 1,Godrej,64,CURIOSITY,Godrej Air Phase - 1 Review: What Sales Won't Tell You,54,"Uncover what sales offices don't disclose about Godrej Air Phase - 1. Independent analysis of delivery timelines, legal safety, and real costs.",143,Leverages informational asymmetry. Appeals to buyers who sense developer brochures omit critical execution risks.,+220% to +310%,10
64,Delphine Central Park Estates Phase - 3,Central Park,64,DECISION,"Delphine Central Park Estates Phase - 3: Buy, Wait or Avoid?",60,"Before paying the booking amount, understand what sales brochures don't tell you about delivery schedules, pricing, and developer history.",138,Triggers high-intent decision anxiety. Positioned for buyers seeking a definitive 'Buy / Wait / Avoid' call on Delphine Central Park Estates Phase - 3 before signing.,+210% to +320%,10
65,Godrej Samaris,Godrej,64,VERDICT,Godrej Samaris: Worth Buying or Marketing Hype?,47,"Is Godrej Samaris worth the price tag? Read our independent verdict on construction pace, legal clarity, and actual possession dates before booking.",148,Appeals to buyer skepticism. Evaluates whether Godrej Samaris lives up to developer marketing or carries hidden delivery/legal compromises.,+190% to +280%,9
66,Max Estate 360,Max Estates,63,CONFIDENCE,Max Estate 360 Review: Read Before You Book,43,"Protect your capital before booking Max Estate 360. Get an independent evaluation of delivery schedules, builder history, and true market value.",144,Instills pre-transaction caution. Category-defining hook that establishes Truth Estate checking as mandatory before booking.,+230% to +350%,10
67,M3M Elie Saab,M3M,63,RISK,M3M Elie Saab Review: Legal & Delivery Risks,44,"Before you sign the booking agreement for M3M Elie Saab, review the unvarnished risks on legal clarity, delivery timelines, and developer history.",146,"Targets loss aversion. Captures buyers actively searching for complaints, litigation, or delay history on M3M Elie Saab.",+240% to +360%,10
68,Godrej Meridien Grandeur Phase - 2,Godrej,63,EDITORIAL,Is Godrej Meridien Grandeur Phase - 2 a Safe Invest? Review,59,A single unexpected delay or legal clause can cost crores. See our independent evaluation of Godrej Meridien Grandeur Phase - 2 before making a deposit.,152,"Positions Truth Estate as a trusted peer & Family Office advisor. Written in restraint-first, high-credibility tone.",+180% to +260%,9
69,Godrej Meridien Grandeur Phase - 3,Godrej,63,NEGOTIATION,Godrej Meridien Grandeur Phase - 3 Review: Fair Value Check,59,"Are you paying a premium for developer branding? Compare fair market valuation, construction velocity, and legal risks for Godrej Meridien Grandeur Phas...",155,Provides financial self-defense. Gives high-net-worth buyers price transparency and valuation leverage before signing.,+175% to +250%,9
70,Godrej Aristocrat,Godrej,63,CURIOSITY,Godrej Aristocrat Review: What Sales Won't Tell You,51,"Uncover what sales offices don't disclose about Godrej Aristocrat. Independent analysis of delivery timelines, legal safety, and real costs.",140,Leverages informational asymmetry. Appeals to buyers who sense developer brochures omit critical execution risks.,+220% to +310%,10
71,Godrej Zenith,Godrej,62,DECISION,"Godrej Zenith Review (2026): Buy, Wait or Avoid?",48,"Before paying the booking amount, understand what sales brochures don't tell you about delivery schedules, pricing, and developer history.",138,Triggers high-intent decision anxiety. Positioned for buyers seeking a definitive 'Buy / Wait / Avoid' call on Godrej Zenith before signing.,+210% to +320%,10
72,Delphine Central Park Estates Phase - 1,Central Park,62,VERDICT,Delphine Central Park Estates Phase - 1: Worth Buying?,54,"Is Delphine Central Park Estates Phase - 1 worth the price tag? Read our independent verdict on construction pace, legal clarity, and actual possession ...",155,Appeals to buyer skepticism. Evaluates whether Delphine Central Park Estates Phase - 1 lives up to developer marketing or carries hidden delivery/legal compromises.,+190% to +280%,9
73,Godrej Aria & 101 Phase - 3,Godrej,62,CONFIDENCE,Godrej Aria & 101 Phase - 3 Review: Read Before You Book,56,"Protect your life's savings before signing for Godrej Aria & 101 Phase - 3. Review unvarnished data on delivery timelines, legal safety, and fair pricing.",154,Instills pre-transaction caution. Category-defining hook that establishes Truth Estate checking as mandatory before booking.,+230% to +350%,10
74,Whiteland Aspen One,Whiteland,62,RISK,Whiteland Aspen One Review: Legal & Delivery Risks,50,"Before you sign the booking agreement for Whiteland Aspen One, review the unvarnished risks on legal clarity, delivery timelines, and developer history.",152,"Targets loss aversion. Captures buyers actively searching for complaints, litigation, or delay history on Whiteland Aspen One.",+240% to +360%,10
75,Whiteland Urban Resort / Westin Residences Phase - 1,Whiteland,61,EDITORIAL,Whiteland Urban Resort / Westin Residences Phase - 1 Review,59,A single unexpected delay or legal clause can cost crores. See our independent evaluation of Whiteland Urban Resort / Westin Residences Phase - 1 before...,155,"Positions Truth Estate as a trusted peer & Family Office advisor. Written in restraint-first, high-credibility tone.",+180% to +260%,9
76,Experion The Trillion,Experion,61,NEGOTIATION,Experion The Trillion Review: True Value or Overpriced?,55,"Are you paying a premium for developer branding? Compare fair market valuation, construction velocity, and legal risks for Experion The Trillion.",145,Provides financial self-defense. Gives high-net-worth buyers price transparency and valuation leverage before signing.,+175% to +250%,9
77,BIRLA PRAVAAH,Birla Estates,61,CURIOSITY,BIRLA PRAVAAH Review: What Sales Won't Tell You,47,"Uncover what sales offices don't disclose about BIRLA PRAVAAH. Independent analysis of delivery timelines, legal safety, and real costs.",136,Leverages informational asymmetry. Appeals to buyers who sense developer brochures omit critical execution risks.,+220% to +310%,10
78,Ashiana Mulberry Phase - 2,Ashiana Group,61,DECISION,"Ashiana Mulberry Phase - 2 Review: Buy, Wait or Avoid?",54,"Before paying the booking amount, understand what sales brochures don't tell you about delivery schedules, pricing, and developer history.",138,Triggers high-intent decision anxiety. Positioned for buyers seeking a definitive 'Buy / Wait / Avoid' call on Ashiana Mulberry Phase - 2 before signing.,+210% to +320%,10
79,Emaar Serenity Hills Phase - 1,Emaar,60,VERDICT,Emaar Serenity Hills Phase - 1 Review: Worth Buying or Hype?,60,"Before booking Emaar Serenity Hills Phase - 1, separate developer marketing claims from real construction velocity, legal safety, and delivery outlook.",151,Appeals to buyer skepticism. Evaluates whether Emaar Serenity Hills Phase - 1 lives up to developer marketing or carries hidden delivery/legal compromises.,+190% to +280%,9
80,Godrej Sora,Godrej,60,CONFIDENCE,Godrej Sora Review: Read Before You Book,40,"Protect your capital before booking Godrej Sora. Get an independent evaluation of delivery schedules, builder history, and true market value.",141,Instills pre-transaction caution. Category-defining hook that establishes Truth Estate checking as mandatory before booking.,+230% to +350%,10
81,Signature Global Sarvam,Signature Global,60,RISK,Signature Global Sarvam Review: Legal & Delivery Risks,54,"A single unexpected delay can cost crores. Review independent data on legal health, construction pace, and delivery risk for Signature Global Sarvam.",149,"Targets loss aversion. Captures buyers actively searching for complaints, litigation, or delay history on Signature Global Sarvam.",+240% to +360%,10
82,Sobha Aranya Phase-1,Sobha,60,EDITORIAL,Would We Invest in Sobha Aranya Phase-1? Review,47,A single unexpected delay or legal clause can cost crores. See our independent evaluation of Sobha Aranya Phase-1 before making a deposit.,138,"Positions Truth Estate as a trusted peer & Family Office advisor. Written in restraint-first, high-credibility tone.",+180% to +260%,9
83,Sobha Altus,Sobha,60,NEGOTIATION,Sobha Altus Review: True Value or Overpriced?,45,"Are you paying a premium for developer branding? Compare fair market valuation, construction velocity, and legal risks for Sobha Altus.",135,Provides financial self-defense. Gives high-net-worth buyers price transparency and valuation leverage before signing.,+175% to +250%,9
84,Godrej Astra,Godrej,59,CURIOSITY,Godrej Astra Review: What Sales Won't Tell You,46,"Uncover what sales offices don't disclose about Godrej Astra. Independent analysis of delivery timelines, legal safety, and real costs.",135,Leverages informational asymmetry. Appeals to buyers who sense developer brochures omit critical execution risks.,+220% to +310%,10
85,Emaar Serenity Hills Phase - 2,Emaar,59,DECISION,"Emaar Serenity Hills Phase - 2 Review: Buy, Wait or Avoid?",58,"Before paying the booking amount, understand what sales brochures don't tell you about delivery schedules, pricing, and developer history.",138,Triggers high-intent decision anxiety. Positioned for buyers seeking a definitive 'Buy / Wait / Avoid' call on Emaar Serenity Hills Phase - 2 before signing.,+210% to +320%,10
86,Godrej Miraya,Godrej,58,VERDICT,Godrej Miraya: Worth Buying or Marketing Hype?,46,"Is Godrej Miraya worth the price tag? Read our independent verdict on construction pace, legal clarity, and actual possession dates before booking.",147,Appeals to buyer skepticism. Evaluates whether Godrej Miraya lives up to developer marketing or carries hidden delivery/legal compromises.,+190% to +280%,9
87,Godrej Alira,Godrej,58,CONFIDENCE,Godrej Alira Review: Read Before You Book,41,"Protect your capital before booking Godrej Alira. Get an independent evaluation of delivery schedules, builder history, and true market value.",142,Instills pre-transaction caution. Category-defining hook that establishes Truth Estate checking as mandatory before booking.,+230% to +350%,10
88,Birla Navya - Avik (PHASE-2),Birla Estates,58,RISK,Birla Navya - Avik (PHASE-2) Review: Legal & Delivery Risks,59,"A single unexpected delay can cost crores. Review independent data on legal health, construction pace, and delivery risk for Birla Navya - Avik (PHASE-2).",154,"Targets loss aversion. Captures buyers actively searching for complaints, litigation, or delay history on Birla Navya - Avik (PHASE-2).",+240% to +360%,10
89,Tulip Crimson,Tulip,58,EDITORIAL,Would We Invest in Tulip Crimson? Review,40,"Would we invest our own capital in Tulip Crimson by Tulip? Read our analytical assessment of delivery timelines, legal safety, and pricing.",139,"Positions Truth Estate as a trusted peer & Family Office advisor. Written in restraint-first, high-credibility tone.",+180% to +260%,9
90,Birla Arika Phase - 2,Birla Estates,57,NEGOTIATION,Birla Arika Phase - 2 Review: True Value or Overpriced?,55,"Are you paying a premium for developer branding? Compare fair market valuation, construction velocity, and legal risks for Birla Arika Phase - 2.",145,Provides financial self-defense. Gives high-net-worth buyers price transparency and valuation leverage before signing.,+175% to +250%,9
91,Whiteland Urban Resort / Westin Residences Phase - 2,Whiteland,57,CURIOSITY,Whiteland Urban Resort / Westin Residences Phase - 2 Review,59,"Sales offices show you floor plans. We show you delivery track records, legal health, and what happens after you pay the booking fee.",133,Leverages informational asymmetry. Appeals to buyers who sense developer brochures omit critical execution risks.,+220% to +310%,10
92,Birla Navya Avik Phase - 1,Birla Estates,57,DECISION,"Birla Navya Avik Phase - 1 Review: Buy, Wait or Avoid?",54,"Before paying the booking amount, understand what sales brochures don't tell you about delivery schedules, pricing, and developer history.",138,Triggers high-intent decision anxiety. Positioned for buyers seeking a definitive 'Buy / Wait / Avoid' call on Birla Navya Avik Phase - 1 before signing.,+210% to +320%,10
93,Tulip Melrose,Tulip,57,VERDICT,Tulip Melrose: Worth Buying or Marketing Hype?,46,"Is Tulip Melrose worth the price tag? Read our independent verdict on construction pace, legal clarity, and actual possession dates before booking.",147,Appeals to buyer skepticism. Evaluates whether Tulip Melrose lives up to developer marketing or carries hidden delivery/legal compromises.,+190% to +280%,9
94,Godrej Habitat,Godrej,56,CONFIDENCE,Godrej Habitat Review: Read Before You Book,43,"Protect your capital before booking Godrej Habitat. Get an independent evaluation of delivery schedules, builder history, and true market value.",144,Instills pre-transaction caution. Category-defining hook that establishes Truth Estate checking as mandatory before booking.,+230% to +350%,10
95,Max Estate 361,Max Estates,56,RISK,Max Estate 361 Review: Legal & Delivery Risks,45,"Before you sign the booking agreement for Max Estate 361, review the unvarnished risks on legal clarity, delivery timelines, and developer history.",147,"Targets loss aversion. Captures buyers actively searching for complaints, litigation, or delay history on Max Estate 361.",+240% to +360%,10
96,Birla Navya - Anaika,Birla Estates,56,EDITORIAL,Would We Invest in Birla Navya - Anaika? Review,47,A single unexpected delay or legal clause can cost crores. See our independent evaluation of Birla Navya - Anaika before making a deposit.,138,"Positions Truth Estate as a trusted peer & Family Office advisor. Written in restraint-first, high-credibility tone.",+180% to +260%,9
97,Godrej Vrikshya,Godrej,55,NEGOTIATION,Godrej Vrikshya Review: True Value or Overpriced?,49,"Are you paying a premium for developer branding? Compare fair market valuation, construction velocity, and legal risks for Godrej Vrikshya.",139,Provides financial self-defense. Gives high-net-worth buyers price transparency and valuation leverage before signing.,+175% to +250%,9
