Index,Project Name,Developer,Truth Score,Old Title,New Title,Title Chars,Old Description,New Description,Desc Chars,Reason for Improvement
1,DLF The Arbour,DLF,87,DLF The Arbour — Project Intelligence | Truth Estate,DLF The Arbour Review (2026): Worth Buying? Truth Score 87,58,"Independent read on DLF The Arbour by DLF — Truth Score 87/100: delivery risk, construction pace, legal and financial signals from RERA filings and public records.","Should you buy DLF The Arbour by DLF? Discover legal risks, construction progress, pricing, developer track record and delivery outlook before booking.",151,"Replaced methodology jargon with high-intent buyer decision keywords (Review, Worth Buying, Legal Risks, Delivery Outlook) and a Truth Score hook to maximize SERP click-through rate."
2,DLF Privana South,DLF,85,DLF Privana South — Project Intelligence | Truth Estate,DLF Privana South Review: Worth Buying? Truth Score 85,54,"Independent read on DLF Privana South by DLF — Truth Score 85/100: delivery risk, construction pace, legal and financial signals from RERA filings and public records.","Should you buy DLF Privana South by DLF? Discover legal risks, construction progress, pricing, developer track record and delivery outlook before booking.",154,"Replaced methodology jargon with high-intent buyer decision keywords (Review, Worth Buying, Legal Risks, Delivery Outlook) and a Truth Score hook to maximize SERP click-through rate."
3,DLF Privana North,DLF,84,DLF Privana North — Project Intelligence | Truth Estate,DLF Privana North Review: Worth Buying? Truth Score 84,54,"Independent read on DLF Privana North by DLF — Truth Score 84/100: delivery risk, construction pace, legal and financial signals from RERA filings and public records.","Should you buy DLF Privana North by DLF? Discover legal risks, construction progress, pricing, developer track record and delivery outlook before booking.",154,"Replaced methodology jargon with high-intent buyer decision keywords (Review, Worth Buying, Legal Risks, Delivery Outlook) and a Truth Score hook to maximize SERP click-through rate."
4,DLF Privana West,DLF,84,DLF Privana West — Project Intelligence | Truth Estate,DLF Privana West Review (2026): Worth Buying? Truth Score 84,60,"Independent read on DLF Privana West by DLF — Truth Score 84/100: delivery risk, construction pace, legal and financial signals from RERA filings and public records.","Should you buy DLF Privana West by DLF? Discover legal risks, construction progress, pricing, developer track record and delivery outlook before booking.",153,"Replaced methodology jargon with high-intent buyer decision keywords (Review, Worth Buying, Legal Risks, Delivery Outlook) and a Truth Score hook to maximize SERP click-through rate."
5,DLF Gardencity Enclave Phase - 1,DLF,81,DLF Gardencity Enclave Phase - 1 — Project Intelligence | Truth Estate,DLF Gardencity Enclave Phase - 1 Review: Verdict & Score 81,59,"Independent read on DLF Gardencity Enclave Phase - 1 by DLF — Truth Score 81/100: delivery risk, construction pace, legal and financial signals from RERA filings and public records.","Considering an investment in DLF Gardencity Enclave Phase - 1 by DLF? Uncover legal risks, construction progress, pricing and delivery outlook before booking.",158,"Replaced methodology jargon with high-intent buyer decision keywords (Review, Worth Buying, Legal Risks, Delivery Outlook) and a Truth Score hook to maximize SERP click-through rate."
6,DLF Gardencity Enclave Phase - 2,DLF,80,DLF Gardencity Enclave Phase - 2 — Project Intelligence | Truth Estate,DLF Gardencity Enclave Phase - 2 Review: Verdict & Score 80,59,"Independent read on DLF Gardencity Enclave Phase - 2 by DLF — Truth Score 80/100: delivery risk, construction pace, legal and financial signals from RERA filings and public records.","Considering an investment in DLF Gardencity Enclave Phase - 2 by DLF? Uncover legal risks, construction progress, pricing and delivery outlook before booking.",158,"Replaced methodology jargon with high-intent buyer decision keywords (Review, Worth Buying, Legal Risks, Delivery Outlook) and a Truth Score hook to maximize SERP click-through rate."
7,DLF The Dahlias,DLF,79,DLF The Dahlias — Project Intelligence | Truth Estate,DLF The Dahlias Review (2026): Worth Buying? Truth Score 79,59,"Independent read on DLF The Dahlias by DLF — Truth Score 79/100: delivery risk, construction pace, legal and financial signals from RERA filings and public records.","Should you buy DLF The Dahlias by DLF? Discover legal risks, construction progress, pricing, developer track record and delivery outlook before booking.",152,"Replaced methodology jargon with high-intent buyer decision keywords (Review, Worth Buying, Legal Risks, Delivery Outlook) and a Truth Score hook to maximize SERP click-through rate."
8,Ashiana Amarah Phase - 3 & 3A,Ashiana Group,79,Ashiana Amarah Phase - 3 & 3A — Project Intelligence | Truth Estate,Ashiana Amarah Phase - 3 & 3A Review: Worth Buying? Score 79,60,"Independent read on Ashiana Amarah Phase - 3 & 3A by Ashiana Group — Truth Score 79/100: delivery risk, construction pace, legal and financial signals from RERA filings and public records.","Should you buy Ashiana Amarah Phase - 3 & 3A? Review legal risks, construction progress, pricing and delivery outlook before paying your booking amount.",152,"Replaced methodology jargon with high-intent buyer decision keywords (Review, Worth Buying, Legal Risks, Delivery Outlook) and a Truth Score hook to maximize SERP click-through rate."
9,Puri Diplomatic Residences,Puri Constructions,78,Puri Diplomatic Residences — Project Intelligence | Truth Estate,Puri Diplomatic Residences Review: Verdict & Truth Score 78,59,"Independent read on Puri Diplomatic Residences by Puri Constructions — Truth Score 78/100: delivery risk, construction pace, legal and financial signals from RERA filings and public records.","Thinking of buying Puri Diplomatic Residences? Uncover legal risks, construction progress, pricing, developer track record and delivery outlook before booking.",159,"Replaced methodology jargon with high-intent buyer decision keywords (Review, Worth Buying, Legal Risks, Delivery Outlook) and a Truth Score hook to maximize SERP click-through rate."
10,Ashiana Aaroham Phase - 1,Ashiana Group,77,Ashiana Aaroham Phase - 1 — Project Intelligence | Truth Estate,Ashiana Aaroham Phase - 1 Review: Verdict & Truth Score 77,58,"Independent read on Ashiana Aaroham Phase - 1 by Ashiana Group — Truth Score 77/100: delivery risk, construction pace, legal and financial signals from RERA filings and public records.","Considering Ashiana Aaroham Phase - 1 by Ashiana Group? Uncover legal risks, construction progress, pricing and delivery outlook before paying booking amount.",158,"Replaced methodology jargon with high-intent buyer decision keywords (Review, Worth Buying, Legal Risks, Delivery Outlook) and a Truth Score hook to maximize SERP click-through rate."
11,Puri The Aravallis,Puri Constructions,77,Puri The Aravallis — Project Intelligence | Truth Estate,Puri The Aravallis Review: Worth Buying? Truth Score 77,55,"Independent read on Puri The Aravallis by Puri Constructions — Truth Score 77/100: delivery risk, construction pace, legal and financial signals from RERA filings and public records.","Considering an investment in Puri The Aravallis by Puri Constructions? Uncover legal risks, construction progress, pricing and delivery outlook before booking.",159,"Replaced methodology jargon with high-intent buyer decision keywords (Review, Worth Buying, Legal Risks, Delivery Outlook) and a Truth Score hook to maximize SERP click-through rate."
12,Ashiana Amarah Phase - 2,Ashiana Group,77,Ashiana Amarah Phase - 2 — Project Intelligence | Truth Estate,Ashiana Amarah Phase - 2 Review: Verdict & Truth Score 77,57,"Independent read on Ashiana Amarah Phase - 2 by Ashiana Group — Truth Score 77/100: delivery risk, construction pace, legal and financial signals from RERA filings and public records.","Considering an investment in Ashiana Amarah Phase - 2 by Ashiana Group? Uncover legal risks, construction progress, pricing and delivery outlook before booking.",160,"Replaced methodology jargon with high-intent buyer decision keywords (Review, Worth Buying, Legal Risks, Delivery Outlook) and a Truth Score hook to maximize SERP click-through rate."
13,Ashiana Amarah Phase - 1 & 1A,Ashiana Group,77,Ashiana Amarah Phase - 1 & 1A — Project Intelligence | Truth Estate,Ashiana Amarah Phase - 1 & 1A Review: Worth Buying? Score 77,60,"Independent read on Ashiana Amarah Phase - 1 & 1A by Ashiana Group — Truth Score 77/100: delivery risk, construction pace, legal and financial signals from RERA filings and public records.","Should you buy Ashiana Amarah Phase - 1 & 1A? Review legal risks, construction progress, pricing and delivery outlook before paying your booking amount.",152,"Replaced methodology jargon with high-intent buyer decision keywords (Review, Worth Buying, Legal Risks, Delivery Outlook) and a Truth Score hook to maximize SERP click-through rate."
14,Sobha City Phase - 6,Sobha,76,Sobha City Phase - 6 — Project Intelligence | Truth Estate,Sobha City Phase - 6 Review: Worth Buying? Truth Score 76,57,"Independent read on Sobha City Phase - 6 by Sobha — Truth Score 76/100: delivery risk, construction pace, legal and financial signals from RERA filings and public records.","Should you buy Sobha City Phase - 6 by Sobha? Discover legal risks, construction progress, pricing, developer track record and delivery outlook before booking.",159,"Replaced methodology jargon with high-intent buyer decision keywords (Review, Worth Buying, Legal Risks, Delivery Outlook) and a Truth Score hook to maximize SERP click-through rate."
15,Ashiana Amarah Phase - 4,Ashiana Group,75,Ashiana Amarah Phase - 4 — Project Intelligence | Truth Estate,Ashiana Amarah Phase - 4 Review: Verdict & Truth Score 75,57,"Independent read on Ashiana Amarah Phase - 4 by Ashiana Group — Truth Score 75/100: delivery risk, construction pace, legal and financial signals from RERA filings and public records.","Considering an investment in Ashiana Amarah Phase - 4 by Ashiana Group? Uncover legal risks, construction progress, pricing and delivery outlook before booking.",160,"Replaced methodology jargon with high-intent buyer decision keywords (Review, Worth Buying, Legal Risks, Delivery Outlook) and a Truth Score hook to maximize SERP click-through rate."
16,M3M Altitude,M3M,75,M3M Altitude — Project Intelligence | Truth Estate,M3M Altitude Review (2026): Worth Buying? Truth Score 75,56,"Independent read on M3M Altitude by M3M — Truth Score 75/100: delivery risk, construction pace, legal and financial signals from RERA filings and public records.","Should you buy M3M Altitude by M3M? Discover legal risks, construction progress, pricing, developer track record and delivery outlook before booking.",149,"Replaced methodology jargon with high-intent buyer decision keywords (Review, Worth Buying, Legal Risks, Delivery Outlook) and a Truth Score hook to maximize SERP click-through rate."
17,M3M Crown Phase - 1,M3M,75,M3M Crown Phase - 1 — Project Intelligence | Truth Estate,M3M Crown Phase - 1 Review: Worth Buying? Truth Score 75,56,"Independent read on M3M Crown Phase - 1 by M3M — Truth Score 75/100: delivery risk, construction pace, legal and financial signals from RERA filings and public records.","Should you buy M3M Crown Phase - 1 by M3M? Discover legal risks, construction progress, pricing, developer track record and delivery outlook before booking.",156,"Replaced methodology jargon with high-intent buyer decision keywords (Review, Worth Buying, Legal Risks, Delivery Outlook) and a Truth Score hook to maximize SERP click-through rate."
18,M3M Golf Hills Phase - 2,M3M,74,M3M Golf Hills Phase - 2 — Project Intelligence | Truth Estate,M3M Golf Hills Phase - 2 Review: Verdict & Truth Score 74,57,"Independent read on M3M Golf Hills Phase - 2 by M3M — Truth Score 74/100: delivery risk, construction pace, legal and financial signals from RERA filings and public records.","Thinking of buying M3M Golf Hills Phase - 2 by M3M? Explore legal risks, construction progress, pricing, developer history and delivery outlook before booking.",159,"Replaced methodology jargon with high-intent buyer decision keywords (Review, Worth Buying, Legal Risks, Delivery Outlook) and a Truth Score hook to maximize SERP click-through rate."
19,M3M Golf Hills Phase - 1,M3M,74,M3M Golf Hills Phase - 1 — Project Intelligence | Truth Estate,M3M Golf Hills Phase - 1 Review: Verdict & Truth Score 74,57,"Independent read on M3M Golf Hills Phase - 1 by M3M — Truth Score 74/100: delivery risk, construction pace, legal and financial signals from RERA filings and public records.","Thinking of buying M3M Golf Hills Phase - 1 by M3M? Explore legal risks, construction progress, pricing, developer history and delivery outlook before booking.",159,"Replaced methodology jargon with high-intent buyer decision keywords (Review, Worth Buying, Legal Risks, Delivery Outlook) and a Truth Score hook to maximize SERP click-through rate."
20,Sobha City Phase - 5,Sobha,74,Sobha City Phase - 5 — Project Intelligence | Truth Estate,Sobha City Phase - 5 Review: Worth Buying? Truth Score 74,57,"Independent read on Sobha City Phase - 5 by Sobha — Truth Score 74/100: delivery risk, construction pace, legal and financial signals from RERA filings and public records.","Should you buy Sobha City Phase - 5 by Sobha? Discover legal risks, construction progress, pricing, developer track record and delivery outlook before booking.",159,"Replaced methodology jargon with high-intent buyer decision keywords (Review, Worth Buying, Legal Risks, Delivery Outlook) and a Truth Score hook to maximize SERP click-through rate."
21,Ashiana Anmol Phase - 3,Ashiana Group,74,Ashiana Anmol Phase - 3 — Project Intelligence | Truth Estate,Ashiana Anmol Phase - 3 Review: Worth Buying? Truth Score 74,60,"Independent read on Ashiana Anmol Phase - 3 by Ashiana Group — Truth Score 74/100: delivery risk, construction pace, legal and financial signals from RERA filings and public records.","Considering an investment in Ashiana Anmol Phase - 3 by Ashiana Group? Uncover legal risks, construction progress, pricing and delivery outlook before booking.",159,"Replaced methodology jargon with high-intent buyer decision keywords (Review, Worth Buying, Legal Risks, Delivery Outlook) and a Truth Score hook to maximize SERP click-through rate."
22,Elan The Presidential,Elan,73,Elan The Presidential — Project Intelligence | Truth Estate,Elan The Presidential Review: Worth Buying? Truth Score 73,58,"Independent read on Elan The Presidential by Elan — Truth Score 73/100: delivery risk, construction pace, legal and financial signals from RERA filings and public records.","Should you buy Elan The Presidential by Elan? Discover legal risks, construction progress, pricing, developer track record and delivery outlook before booking.",159,"Replaced methodology jargon with high-intent buyer decision keywords (Review, Worth Buying, Legal Risks, Delivery Outlook) and a Truth Score hook to maximize SERP click-through rate."
23,Elan the Emperor,Elan,73,Elan the Emperor — Project Intelligence | Truth Estate,Elan the Emperor Review (2026): Worth Buying? Truth Score 73,60,"Independent read on Elan the Emperor by Elan — Truth Score 73/100: delivery risk, construction pace, legal and financial signals from RERA filings and public records.","Should you buy Elan the Emperor by Elan? Discover legal risks, construction progress, pricing, developer track record and delivery outlook before booking.",154,"Replaced methodology jargon with high-intent buyer decision keywords (Review, Worth Buying, Legal Risks, Delivery Outlook) and a Truth Score hook to maximize SERP click-through rate."
24,M3M Mansion Phase - 1,M3M,72,M3M Mansion Phase - 1 — Project Intelligence | Truth Estate,M3M Mansion Phase - 1 Review: Worth Buying? Truth Score 72,58,"Independent read on M3M Mansion Phase - 1 by M3M — Truth Score 72/100: delivery risk, construction pace, legal and financial signals from RERA filings and public records.","Should you buy M3M Mansion Phase - 1 by M3M? Discover legal risks, construction progress, pricing, developer track record and delivery outlook before booking.",158,"Replaced methodology jargon with high-intent buyer decision keywords (Review, Worth Buying, Legal Risks, Delivery Outlook) and a Truth Score hook to maximize SERP click-through rate."
25,Oberoi Realty 360 North,Oberoi Realty,72,Oberoi Realty 360 North — Project Intelligence | Truth Estate,Oberoi Realty 360 North Review: Worth Buying? Truth Score 72,60,"Independent read on Oberoi Realty 360 North by Oberoi Realty — Truth Score 72/100: delivery risk, construction pace, legal and financial signals from RERA filings and public records.","Considering an investment in Oberoi Realty 360 North by Oberoi Realty? Uncover legal risks, construction progress, pricing and delivery outlook before booking.",159,"Replaced methodology jargon with high-intent buyer decision keywords (Review, Worth Buying, Legal Risks, Delivery Outlook) and a Truth Score hook to maximize SERP click-through rate."
26,Ashiana Aaroham Phase - 2,Ashiana Group,72,Ashiana Aaroham Phase - 2 — Project Intelligence | Truth Estate,Ashiana Aaroham Phase - 2 Review: Verdict & Truth Score 72,58,"Independent read on Ashiana Aaroham Phase - 2 by Ashiana Group — Truth Score 72/100: delivery risk, construction pace, legal and financial signals from RERA filings and public records.","Considering Ashiana Aaroham Phase - 2 by Ashiana Group? Uncover legal risks, construction progress, pricing and delivery outlook before paying booking amount.",158,"Replaced methodology jargon with high-intent buyer decision keywords (Review, Worth Buying, Legal Risks, Delivery Outlook) and a Truth Score hook to maximize SERP click-through rate."
27,Elan The Statement,Elan,72,Elan The Statement — Project Intelligence | Truth Estate,Elan The Statement Review: Worth Buying? Truth Score 72,55,"Independent read on Elan The Statement by Elan — Truth Score 72/100: delivery risk, construction pace, legal and financial signals from RERA filings and public records.","Should you buy Elan The Statement by Elan? Discover legal risks, construction progress, pricing, developer track record and delivery outlook before booking.",156,"Replaced methodology jargon with high-intent buyer decision keywords (Review, Worth Buying, Legal Risks, Delivery Outlook) and a Truth Score hook to maximize SERP click-through rate."
28,Emaar Amaris,Emaar,72,Emaar Amaris — Project Intelligence | Truth Estate,Emaar Amaris Review (2026): Worth Buying? Truth Score 72,56,"Independent read on Emaar Amaris by Emaar — Truth Score 72/100: delivery risk, construction pace, legal and financial signals from RERA filings and public records.","Should you buy Emaar Amaris by Emaar? Discover legal risks, construction progress, pricing, developer track record and delivery outlook before booking.",151,"Replaced methodology jargon with high-intent buyer decision keywords (Review, Worth Buying, Legal Risks, Delivery Outlook) and a Truth Score hook to maximize SERP click-through rate."
29,Emaar The 88,Emaar,72,Emaar The 88 — Project Intelligence | Truth Estate,Emaar The 88 Review (2026): Worth Buying? Truth Score 72,56,"Independent read on Emaar The 88 by Emaar — Truth Score 72/100: delivery risk, construction pace, legal and financial signals from RERA filings and public records.","Should you buy Emaar The 88 by Emaar? Discover legal risks, construction progress, pricing, developer track record and delivery outlook before booking.",151,"Replaced methodology jargon with high-intent buyer decision keywords (Review, Worth Buying, Legal Risks, Delivery Outlook) and a Truth Score hook to maximize SERP click-through rate."
30,Signature Global Titanium SPR,Signature Global,71,Signature Global Titanium SPR — Project Intelligence | Truth Estate,Signature Global Titanium SPR Review: Worth Buying? Score 71,60,"Independent read on Signature Global Titanium SPR by Signature Global — Truth Score 71/100: delivery risk, construction pace, legal and financial signals from RERA filings and public records.","Should you buy Signature Global Titanium SPR? Review legal risks, construction progress, pricing and delivery outlook before paying your booking amount.",152,"Replaced methodology jargon with high-intent buyer decision keywords (Review, Worth Buying, Legal Risks, Delivery Outlook) and a Truth Score hook to maximize SERP click-through rate."
31,Smartworld One DXP Phase - 2,Smartworld,71,Smartworld One DXP Phase - 2 — Project Intelligence | Truth Estate,Smartworld One DXP Phase - 2 Review: Worth Buying? Score 71,59,"Independent read on Smartworld One DXP Phase - 2 by Smartworld — Truth Score 71/100: delivery risk, construction pace, legal and financial signals from RERA filings and public records.","Considering Smartworld One DXP Phase - 2 by Smartworld? Uncover legal risks, construction progress, pricing and delivery outlook before paying booking amount.",158,"Replaced methodology jargon with high-intent buyer decision keywords (Review, Worth Buying, Legal Risks, Delivery Outlook) and a Truth Score hook to maximize SERP click-through rate."
32,Emaar Urban Oasis Phase - 4,Emaar,71,Emaar Urban Oasis Phase - 4 — Project Intelligence | Truth Estate,Emaar Urban Oasis Phase - 4 Review: Verdict & Truth Score 71,60,"Independent read on Emaar Urban Oasis Phase - 4 by Emaar — Truth Score 71/100: delivery risk, construction pace, legal and financial signals from RERA filings and public records.","Considering an investment in Emaar Urban Oasis Phase - 4 by Emaar? Uncover legal risks, construction progress, pricing and delivery outlook before booking.",155,"Replaced methodology jargon with high-intent buyer decision keywords (Review, Worth Buying, Legal Risks, Delivery Outlook) and a Truth Score hook to maximize SERP click-through rate."
33,M3M Trump Towers - 1,M3M,70,M3M Trump Towers - 1 — Project Intelligence | Truth Estate,M3M Trump Towers - 1 Review: Worth Buying? Truth Score 70,57,"Independent read on M3M Trump Towers - 1 by M3M — Truth Score 70/100: delivery risk, construction pace, legal and financial signals from RERA filings and public records.","Should you buy M3M Trump Towers - 1 by M3M? Discover legal risks, construction progress, pricing, developer track record and delivery outlook before booking.",157,"Replaced methodology jargon with high-intent buyer decision keywords (Review, Worth Buying, Legal Risks, Delivery Outlook) and a Truth Score hook to maximize SERP click-through rate."
34,M3M Capital Phase - 2,M3M,70,M3M Capital Phase - 2 — Project Intelligence | Truth Estate,M3M Capital Phase - 2 Review: Worth Buying? Truth Score 70,58,"Independent read on M3M Capital Phase - 2 by M3M — Truth Score 70/100: delivery risk, construction pace, legal and financial signals from RERA filings and public records.","Should you buy M3M Capital Phase - 2 by M3M? Discover legal risks, construction progress, pricing, developer track record and delivery outlook before booking.",158,"Replaced methodology jargon with high-intent buyer decision keywords (Review, Worth Buying, Legal Risks, Delivery Outlook) and a Truth Score hook to maximize SERP click-through rate."
35,Signature Global De-Luxe DXP,Signature Global,70,Signature Global De-Luxe DXP — Project Intelligence | Truth Estate,Signature Global De-Luxe DXP Review: Worth Buying? Score 70,59,"Independent read on Signature Global De-Luxe DXP by Signature Global — Truth Score 70/100: delivery risk, construction pace, legal and financial signals from RERA filings and public records.","Should you buy Signature Global De-Luxe DXP? Review legal risks, construction progress, pricing and delivery outlook before paying your booking amount.",151,"Replaced methodology jargon with high-intent buyer decision keywords (Review, Worth Buying, Legal Risks, Delivery Outlook) and a Truth Score hook to maximize SERP click-through rate."
36,Smartworld One DXP,Smartworld,70,Smartworld One DXP — Project Intelligence | Truth Estate,Smartworld One DXP Review: Worth Buying? Truth Score 70,55,"Independent read on Smartworld One DXP by Smartworld — Truth Score 70/100: delivery risk, construction pace, legal and financial signals from RERA filings and public records.","Thinking of buying Smartworld One DXP by Smartworld? Explore legal risks, construction progress, pricing, developer history and delivery outlook before booking.",160,"Replaced methodology jargon with high-intent buyer decision keywords (Review, Worth Buying, Legal Risks, Delivery Outlook) and a Truth Score hook to maximize SERP click-through rate."
37,Emaar Urban Oasis - PHASE 1 & 2,Emaar,70,Emaar Urban Oasis - PHASE 1 & 2 — Project Intelligence | Truth Estate,Emaar Urban Oasis - PHASE 1 & 2 Review: Verdict & Score 70,58,"Independent read on Emaar Urban Oasis - PHASE 1 & 2 by Emaar — Truth Score 70/100: delivery risk, construction pace, legal and financial signals from RERA filings and public records.","Considering an investment in Emaar Urban Oasis - PHASE 1 & 2 by Emaar? Uncover legal risks, construction progress, pricing and delivery outlook before booking.",159,"Replaced methodology jargon with high-intent buyer decision keywords (Review, Worth Buying, Legal Risks, Delivery Outlook) and a Truth Score hook to maximize SERP click-through rate."
38,Smartworld Sky Arc,Smartworld,69,Smartworld Sky Arc — Project Intelligence | Truth Estate,Smartworld Sky Arc Review: Worth Buying? Truth Score 69,55,"Independent read on Smartworld Sky Arc by Smartworld — Truth Score 69/100: delivery risk, construction pace, legal and financial signals from RERA filings and public records.","Thinking of buying Smartworld Sky Arc by Smartworld? Explore legal risks, construction progress, pricing, developer history and delivery outlook before booking.",160,"Replaced methodology jargon with high-intent buyer decision keywords (Review, Worth Buying, Legal Risks, Delivery Outlook) and a Truth Score hook to maximize SERP click-through rate."
39,Ashiana Amarah Phase - 5,Ashiana Group,69,Ashiana Amarah Phase - 5 — Project Intelligence | Truth Estate,Ashiana Amarah Phase - 5 Review: Verdict & Truth Score 69,57,"Independent read on Ashiana Amarah Phase - 5 by Ashiana Group — Truth Score 69/100: delivery risk, construction pace, legal and financial signals from RERA filings and public records.","Considering an investment in Ashiana Amarah Phase - 5 by Ashiana Group? Uncover legal risks, construction progress, pricing and delivery outlook before booking.",160,"Replaced methodology jargon with high-intent buyer decision keywords (Review, Worth Buying, Legal Risks, Delivery Outlook) and a Truth Score hook to maximize SERP click-through rate."
40,Whiteland Blissville Phase - 2,Whiteland,69,Whiteland Blissville Phase - 2 — Project Intelligence | Truth Estate,Whiteland Blissville Phase - 2 Review: Verdict & Score 69,57,"Independent read on Whiteland Blissville Phase - 2 by Whiteland — Truth Score 69/100: delivery risk, construction pace, legal and financial signals from RERA filings and public records.","Considering Whiteland Blissville Phase - 2 by Whiteland? Uncover legal risks, construction progress, pricing and delivery outlook before paying booking amount.",159,"Replaced methodology jargon with high-intent buyer decision keywords (Review, Worth Buying, Legal Risks, Delivery Outlook) and a Truth Score hook to maximize SERP click-through rate."
41,Delphine Central Park Estates Phase - 2,Central Park,69,Delphine Central Park Estates Phase - 2 — Project Intelligence | Truth Estate,Delphine Central Park Estates Phase - 2 Review: Score 69,56,"Independent read on Delphine Central Park Estates Phase - 2 by Central Park — Truth Score 69/100: delivery risk, construction pace, legal and financial signals from RERA filings and public records.","Considering Delphine Central Park Estates Phase - 2? Explore legal risks, construction progress, pricing and delivery outlook before paying your booking amount.",160,"Replaced methodology jargon with high-intent buyer decision keywords (Review, Worth Buying, Legal Risks, Delivery Outlook) and a Truth Score hook to maximize SERP click-through rate."
42,Whiteland Blissville Phase - 3,Whiteland,69,Whiteland Blissville Phase - 3 — Project Intelligence | Truth Estate,Whiteland Blissville Phase - 3 Review: Verdict & Score 69,57,"Independent read on Whiteland Blissville Phase - 3 by Whiteland — Truth Score 69/100: delivery risk, construction pace, legal and financial signals from RERA filings and public records.","Considering Whiteland Blissville Phase - 3 by Whiteland? Uncover legal risks, construction progress, pricing and delivery outlook before paying booking amount.",159,"Replaced methodology jargon with high-intent buyer decision keywords (Review, Worth Buying, Legal Risks, Delivery Outlook) and a Truth Score hook to maximize SERP click-through rate."
43,Central Park Bignonia Towers,Central Park,68,Central Park Bignonia Towers — Project Intelligence | Truth Estate,Central Park Bignonia Towers Review: Worth Buying? Score 68,59,"Independent read on Central Park Bignonia Towers by Central Park — Truth Score 68/100: delivery risk, construction pace, legal and financial signals from RERA filings and public records.","Considering Central Park Bignonia Towers by Central Park? Uncover legal risks, construction progress, pricing and delivery outlook before paying booking amount.",160,"Replaced methodology jargon with high-intent buyer decision keywords (Review, Worth Buying, Legal Risks, Delivery Outlook) and a Truth Score hook to maximize SERP click-through rate."
44,Ashiana Mulberry Phase - 4,Ashiana Group,68,Ashiana Mulberry Phase - 4 — Project Intelligence | Truth Estate,Ashiana Mulberry Phase - 4 Review: Verdict & Truth Score 68,59,"Independent read on Ashiana Mulberry Phase - 4 by Ashiana Group — Truth Score 68/100: delivery risk, construction pace, legal and financial signals from RERA filings and public records.","Considering Ashiana Mulberry Phase - 4 by Ashiana Group? Uncover legal risks, construction progress, pricing and delivery outlook before paying booking amount.",159,"Replaced methodology jargon with high-intent buyer decision keywords (Review, Worth Buying, Legal Risks, Delivery Outlook) and a Truth Score hook to maximize SERP click-through rate."
45,Godrej Air Phase - 2,Godrej,68,Godrej Air Phase - 2 — Project Intelligence | Truth Estate,Godrej Air Phase - 2 Review: Worth Buying? Truth Score 68,57,"Independent read on Godrej Air Phase - 2 by Godrej — Truth Score 68/100: delivery risk, construction pace, legal and financial signals from RERA filings and public records.","Should you buy Godrej Air Phase - 2 by Godrej? Discover legal risks, construction progress, pricing, developer track record and delivery outlook before booking.",160,"Replaced methodology jargon with high-intent buyer decision keywords (Review, Worth Buying, Legal Risks, Delivery Outlook) and a Truth Score hook to maximize SERP click-through rate."
46,Smartworld Trump Residences,Smartworld,68,Smartworld Trump Residences — Project Intelligence | Truth Estate,Smartworld Trump Residences Review: Verdict & Truth Score 68,60,"Independent read on Smartworld Trump Residences by Smartworld — Truth Score 68/100: delivery risk, construction pace, legal and financial signals from RERA filings and public records.","Considering an investment in Smartworld Trump Residences by Smartworld? Uncover legal risks, construction progress, pricing and delivery outlook before booking.",160,"Replaced methodology jargon with high-intent buyer decision keywords (Review, Worth Buying, Legal Risks, Delivery Outlook) and a Truth Score hook to maximize SERP click-through rate."
47,Whiteland the Aspen,Whiteland,68,Whiteland the Aspen — Project Intelligence | Truth Estate,Whiteland the Aspen Review: Worth Buying? Truth Score 68,56,"Independent read on Whiteland the Aspen by Whiteland — Truth Score 68/100: delivery risk, construction pace, legal and financial signals from RERA filings and public records.","Thinking of buying Whiteland the Aspen by Whiteland? Explore legal risks, construction progress, pricing, developer history and delivery outlook before booking.",160,"Replaced methodology jargon with high-intent buyer decision keywords (Review, Worth Buying, Legal Risks, Delivery Outlook) and a Truth Score hook to maximize SERP click-through rate."
48,M3M Antalya Hills Phase - 1,M3M,67,M3M Antalya Hills Phase - 1 — Project Intelligence | Truth Estate,M3M Antalya Hills Phase - 1 Review: Verdict & Truth Score 67,60,"Independent read on M3M Antalya Hills Phase - 1 by M3M — Truth Score 67/100: delivery risk, construction pace, legal and financial signals from RERA filings and public records.","Considering an investment in M3M Antalya Hills Phase - 1 by M3M? Uncover legal risks, construction progress, pricing and delivery outlook before booking.",153,"Replaced methodology jargon with high-intent buyer decision keywords (Review, Worth Buying, Legal Risks, Delivery Outlook) and a Truth Score hook to maximize SERP click-through rate."
49,Emaar Urban Ascent,Emaar,67,Emaar Urban Ascent — Project Intelligence | Truth Estate,Emaar Urban Ascent Review: Worth Buying? Truth Score 67,55,"Independent read on Emaar Urban Ascent by Emaar — Truth Score 67/100: delivery risk, construction pace, legal and financial signals from RERA filings and public records.","Should you buy Emaar Urban Ascent by Emaar? Discover legal risks, construction progress, pricing, developer track record and delivery outlook before booking.",157,"Replaced methodology jargon with high-intent buyer decision keywords (Review, Worth Buying, Legal Risks, Delivery Outlook) and a Truth Score hook to maximize SERP click-through rate."
50,Godrej Air Phase - 3,Godrej,67,Godrej Air Phase - 3 — Project Intelligence | Truth Estate,Godrej Air Phase - 3 Review: Worth Buying? Truth Score 67,57,"Independent read on Godrej Air Phase - 3 by Godrej — Truth Score 67/100: delivery risk, construction pace, legal and financial signals from RERA filings and public records.","Should you buy Godrej Air Phase - 3 by Godrej? Discover legal risks, construction progress, pricing, developer track record and delivery outlook before booking.",160,"Replaced methodology jargon with high-intent buyer decision keywords (Review, Worth Buying, Legal Risks, Delivery Outlook) and a Truth Score hook to maximize SERP click-through rate."
51,Signature Global Tonino Lamborghini Residences,Signature Global,67,Signature Global Tonino Lamborghini Residences — Project Intelligence | Truth Estate,,0,"Independent read on Signature Global Tonino Lamborghini Residences by Signature Global — Truth Score 67/100: delivery risk, construction pace, legal and financial signals from RERA filings and public records.","Should you buy Signature Global Tonino Lamborghini Residences? Review legal risks, construction progress, pricing and delivery outlook before booking.",150,"Replaced methodology jargon with high-intent buyer decision keywords (Review, Worth Buying, Legal Risks, Delivery Outlook) and a Truth Score hook to maximize SERP click-through rate."
52,Tulip Monsella,Tulip,66,Tulip Monsella — Project Intelligence | Truth Estate,Tulip Monsella Review (2026): Worth Buying? Truth Score 66,58,"Independent read on Tulip Monsella by Tulip — Truth Score 66/100: delivery risk, construction pace, legal and financial signals from RERA filings and public records.","Should you buy Tulip Monsella by Tulip? Discover legal risks, construction progress, pricing, developer track record and delivery outlook before booking.",153,"Replaced methodology jargon with high-intent buyer decision keywords (Review, Worth Buying, Legal Risks, Delivery Outlook) and a Truth Score hook to maximize SERP click-through rate."
53,Sobha Crescent Phase - 1,Sobha,66,Sobha Crescent Phase - 1 — Project Intelligence | Truth Estate,Sobha Crescent Phase - 1 Review: Verdict & Truth Score 66,57,"Independent read on Sobha Crescent Phase - 1 by Sobha — Truth Score 66/100: delivery risk, construction pace, legal and financial signals from RERA filings and public records.","Considering an investment in Sobha Crescent Phase - 1 by Sobha? Uncover legal risks, construction progress, pricing and delivery outlook before booking.",152,"Replaced methodology jargon with high-intent buyer decision keywords (Review, Worth Buying, Legal Risks, Delivery Outlook) and a Truth Score hook to maximize SERP click-through rate."
54,M3M Capital,M3M,65,M3M Capital — Project Intelligence | Truth Estate,M3M Capital Review (2026): Worth Buying? Truth Score 65,55,"Independent read on M3M Capital by M3M — Truth Score 65/100: delivery risk, construction pace, legal and financial signals from RERA filings and public records.","Should you buy M3M Capital by M3M? Discover legal risks, construction progress, pricing, developer track record and delivery outlook before booking.",148,"Replaced methodology jargon with high-intent buyer decision keywords (Review, Worth Buying, Legal Risks, Delivery Outlook) and a Truth Score hook to maximize SERP click-through rate."
55,M3M Mansion Phase - 2,M3M,65,M3M Mansion Phase - 2 — Project Intelligence | Truth Estate,M3M Mansion Phase - 2 Review: Worth Buying? Truth Score 65,58,"Independent read on M3M Mansion Phase - 2 by M3M — Truth Score 65/100: delivery risk, construction pace, legal and financial signals from RERA filings and public records.","Should you buy M3M Mansion Phase - 2 by M3M? Discover legal risks, construction progress, pricing, developer track record and delivery outlook before booking.",158,"Replaced methodology jargon with high-intent buyer decision keywords (Review, Worth Buying, Legal Risks, Delivery Outlook) and a Truth Score hook to maximize SERP click-through rate."
56,Experion Nova / Windchants PHASE - C,Experion,65,Experion Nova / Windchants PHASE - C — Project Intelligence | Truth Estate,Experion Nova / Windchants PHASE - C Review (2026): Score 65,60,"Independent read on Experion Nova / Windchants PHASE - C by Experion — Truth Score 65/100: delivery risk, construction pace, legal and financial signals from RERA filings and public records.","Should you buy Experion Nova / Windchants PHASE - C? Review legal risks, construction progress, pricing and delivery outlook before paying your booking amount.",159,"Replaced methodology jargon with high-intent buyer decision keywords (Review, Worth Buying, Legal Risks, Delivery Outlook) and a Truth Score hook to maximize SERP click-through rate."
57,Tulip Yellow,Tulip,65,Tulip Yellow — Project Intelligence | Truth Estate,Tulip Yellow Review (2026): Worth Buying? Truth Score 65,56,"Independent read on Tulip Yellow by Tulip — Truth Score 65/100: delivery risk, construction pace, legal and financial signals from RERA filings and public records.","Should you buy Tulip Yellow by Tulip? Discover legal risks, construction progress, pricing, developer track record and delivery outlook before booking.",151,"Replaced methodology jargon with high-intent buyer decision keywords (Review, Worth Buying, Legal Risks, Delivery Outlook) and a Truth Score hook to maximize SERP click-through rate."
58,Signature Global Cloverdale SPR,Signature Global,65,Signature Global Cloverdale SPR — Project Intelligence | Truth Estate,Signature Global Cloverdale SPR Review: Verdict & Score 65,58,"Independent read on Signature Global Cloverdale SPR by Signature Global — Truth Score 65/100: delivery risk, construction pace, legal and financial signals from RERA filings and public records.","Should you buy Signature Global Cloverdale SPR? Review legal risks, construction progress, pricing and delivery outlook before paying your booking amount.",154,"Replaced methodology jargon with high-intent buyer decision keywords (Review, Worth Buying, Legal Risks, Delivery Outlook) and a Truth Score hook to maximize SERP click-through rate."
59,M3M Opus at M3M Merlin,M3M,64,M3M Opus at M3M Merlin — Project Intelligence | Truth Estate,M3M Opus at M3M Merlin Review: Worth Buying? Truth Score 64,59,"Independent read on M3M Opus at M3M Merlin by M3M — Truth Score 64/100: delivery risk, construction pace, legal and financial signals from RERA filings and public records.","Should you buy M3M Opus at M3M Merlin by M3M? Discover legal risks, construction progress, pricing, developer track record and delivery outlook before booking.",159,"Replaced methodology jargon with high-intent buyer decision keywords (Review, Worth Buying, Legal Risks, Delivery Outlook) and a Truth Score hook to maximize SERP click-through rate."
60,Birla Arika,Birla Estates,64,Birla Arika — Project Intelligence | Truth Estate,Birla Arika Review (2026): Worth Buying? Truth Score 64,55,"Independent read on Birla Arika by Birla Estates — Truth Score 64/100: delivery risk, construction pace, legal and financial signals from RERA filings and public records.","Should you buy Birla Arika by Birla Estates? Discover legal risks, construction progress, pricing, developer track record and delivery outlook before booking.",158,"Replaced methodology jargon with high-intent buyer decision keywords (Review, Worth Buying, Legal Risks, Delivery Outlook) and a Truth Score hook to maximize SERP click-through rate."
61,Signature Global Twin Tower DXP,Signature Global,64,Signature Global Twin Tower DXP — Project Intelligence | Truth Estate,Signature Global Twin Tower DXP Review: Verdict & Score 64,58,"Independent read on Signature Global Twin Tower DXP by Signature Global — Truth Score 64/100: delivery risk, construction pace, legal and financial signals from RERA filings and public records.","Should you buy Signature Global Twin Tower DXP? Review legal risks, construction progress, pricing and delivery outlook before paying your booking amount.",154,"Replaced methodology jargon with high-intent buyer decision keywords (Review, Worth Buying, Legal Risks, Delivery Outlook) and a Truth Score hook to maximize SERP click-through rate."
62,Smartworld The Edition,Smartworld,64,Smartworld The Edition — Project Intelligence | Truth Estate,Smartworld The Edition Review: Worth Buying? Truth Score 64,59,"Independent read on Smartworld The Edition by Smartworld — Truth Score 64/100: delivery risk, construction pace, legal and financial signals from RERA filings and public records.","Considering an investment in Smartworld The Edition by Smartworld? Uncover legal risks, construction progress, pricing and delivery outlook before booking.",155,"Replaced methodology jargon with high-intent buyer decision keywords (Review, Worth Buying, Legal Risks, Delivery Outlook) and a Truth Score hook to maximize SERP click-through rate."
63,Godrej Air Phase - 1,Godrej,64,Godrej Air Phase - 1 — Project Intelligence | Truth Estate,Godrej Air Phase - 1 Review: Worth Buying? Truth Score 64,57,"Independent read on Godrej Air Phase - 1 by Godrej — Truth Score 64/100: delivery risk, construction pace, legal and financial signals from RERA filings and public records.","Should you buy Godrej Air Phase - 1 by Godrej? Discover legal risks, construction progress, pricing, developer track record and delivery outlook before booking.",160,"Replaced methodology jargon with high-intent buyer decision keywords (Review, Worth Buying, Legal Risks, Delivery Outlook) and a Truth Score hook to maximize SERP click-through rate."
64,Delphine Central Park Estates Phase - 3,Central Park,64,Delphine Central Park Estates Phase - 3 — Project Intelligence | Truth Estate,Delphine Central Park Estates Phase - 3 Review: Score 64,56,"Independent read on Delphine Central Park Estates Phase - 3 by Central Park — Truth Score 64/100: delivery risk, construction pace, legal and financial signals from RERA filings and public records.","Considering Delphine Central Park Estates Phase - 3? Explore legal risks, construction progress, pricing and delivery outlook before paying your booking amount.",160,"Replaced methodology jargon with high-intent buyer decision keywords (Review, Worth Buying, Legal Risks, Delivery Outlook) and a Truth Score hook to maximize SERP click-through rate."
65,Godrej Samaris,Godrej,64,Godrej Samaris — Project Intelligence | Truth Estate,Godrej Samaris Review (2026): Worth Buying? Truth Score 64,58,"Independent read on Godrej Samaris by Godrej — Truth Score 64/100: delivery risk, construction pace, legal and financial signals from RERA filings and public records.","Should you buy Godrej Samaris by Godrej? Discover legal risks, construction progress, pricing, developer track record and delivery outlook before booking.",154,"Replaced methodology jargon with high-intent buyer decision keywords (Review, Worth Buying, Legal Risks, Delivery Outlook) and a Truth Score hook to maximize SERP click-through rate."
66,Max Estate 360,Max Estates,63,Max Estate 360 — Project Intelligence | Truth Estate,Max Estate 360 Review (2026): Worth Buying? Truth Score 63,58,"Independent read on Max Estate 360 by Max Estates — Truth Score 63/100: delivery risk, construction pace, legal and financial signals from RERA filings and public records.","Should you buy Max Estate 360 by Max Estates? Discover legal risks, construction progress, pricing, developer track record and delivery outlook before booking.",159,"Replaced methodology jargon with high-intent buyer decision keywords (Review, Worth Buying, Legal Risks, Delivery Outlook) and a Truth Score hook to maximize SERP click-through rate."
67,M3M Elie Saab,M3M,63,M3M Elie Saab — Project Intelligence | Truth Estate,M3M Elie Saab Review (2026): Worth Buying? Truth Score 63,57,"Independent read on M3M Elie Saab by M3M — Truth Score 63/100: delivery risk, construction pace, legal and financial signals from RERA filings and public records.","Should you buy M3M Elie Saab by M3M? Discover legal risks, construction progress, pricing, developer track record and delivery outlook before booking.",150,"Replaced methodology jargon with high-intent buyer decision keywords (Review, Worth Buying, Legal Risks, Delivery Outlook) and a Truth Score hook to maximize SERP click-through rate."
68,Godrej Meridien Grandeur Phase - 2,Godrej,63,Godrej Meridien Grandeur Phase - 2 — Project Intelligence | Truth Estate,Godrej Meridien Grandeur Phase - 2 Review (2026): Score 63,58,"Independent read on Godrej Meridien Grandeur Phase - 2 by Godrej — Truth Score 63/100: delivery risk, construction pace, legal and financial signals from RERA filings and public records.","Considering Godrej Meridien Grandeur Phase - 2 by Godrej? Uncover legal risks, construction progress, pricing and delivery outlook before paying booking amount.",160,"Replaced methodology jargon with high-intent buyer decision keywords (Review, Worth Buying, Legal Risks, Delivery Outlook) and a Truth Score hook to maximize SERP click-through rate."
69,Godrej Meridien Grandeur Phase - 3,Godrej,63,Godrej Meridien Grandeur Phase - 3 — Project Intelligence | Truth Estate,Godrej Meridien Grandeur Phase - 3 Review (2026): Score 63,58,"Independent read on Godrej Meridien Grandeur Phase - 3 by Godrej — Truth Score 63/100: delivery risk, construction pace, legal and financial signals from RERA filings and public records.","Considering Godrej Meridien Grandeur Phase - 3 by Godrej? Uncover legal risks, construction progress, pricing and delivery outlook before paying booking amount.",160,"Replaced methodology jargon with high-intent buyer decision keywords (Review, Worth Buying, Legal Risks, Delivery Outlook) and a Truth Score hook to maximize SERP click-through rate."
70,Godrej Aristocrat,Godrej,63,Godrej Aristocrat — Project Intelligence | Truth Estate,Godrej Aristocrat Review: Worth Buying? Truth Score 63,54,"Independent read on Godrej Aristocrat by Godrej — Truth Score 63/100: delivery risk, construction pace, legal and financial signals from RERA filings and public records.","Should you buy Godrej Aristocrat by Godrej? Discover legal risks, construction progress, pricing, developer track record and delivery outlook before booking.",157,"Replaced methodology jargon with high-intent buyer decision keywords (Review, Worth Buying, Legal Risks, Delivery Outlook) and a Truth Score hook to maximize SERP click-through rate."
71,Godrej Zenith,Godrej,62,Godrej Zenith — Project Intelligence | Truth Estate,Godrej Zenith Review (2026): Worth Buying? Truth Score 62,57,"Independent read on Godrej Zenith by Godrej — Truth Score 62/100: delivery risk, construction pace, legal and financial signals from RERA filings and public records.","Should you buy Godrej Zenith by Godrej? Discover legal risks, construction progress, pricing, developer track record and delivery outlook before booking.",153,"Replaced methodology jargon with high-intent buyer decision keywords (Review, Worth Buying, Legal Risks, Delivery Outlook) and a Truth Score hook to maximize SERP click-through rate."
72,Delphine Central Park Estates Phase - 1,Central Park,62,Delphine Central Park Estates Phase - 1 — Project Intelligence | Truth Estate,Delphine Central Park Estates Phase - 1 Review: Score 62,56,"Independent read on Delphine Central Park Estates Phase - 1 by Central Park — Truth Score 62/100: delivery risk, construction pace, legal and financial signals from RERA filings and public records.","Considering Delphine Central Park Estates Phase - 1? Explore legal risks, construction progress, pricing and delivery outlook before paying your booking amount.",160,"Replaced methodology jargon with high-intent buyer decision keywords (Review, Worth Buying, Legal Risks, Delivery Outlook) and a Truth Score hook to maximize SERP click-through rate."
73,Godrej Aria & 101 Phase - 3,Godrej,62,Godrej Aria & 101 Phase - 3 — Project Intelligence | Truth Estate,Godrej Aria & 101 Phase - 3 Review: Verdict & Truth Score 62,60,"Independent read on Godrej Aria & 101 Phase - 3 by Godrej — Truth Score 62/100: delivery risk, construction pace, legal and financial signals from RERA filings and public records.","Considering an investment in Godrej Aria & 101 Phase - 3 by Godrej? Uncover legal risks, construction progress, pricing and delivery outlook before booking.",156,"Replaced methodology jargon with high-intent buyer decision keywords (Review, Worth Buying, Legal Risks, Delivery Outlook) and a Truth Score hook to maximize SERP click-through rate."
74,Whiteland Aspen One,Whiteland,62,Whiteland Aspen One — Project Intelligence | Truth Estate,Whiteland Aspen One Review: Worth Buying? Truth Score 62,56,"Independent read on Whiteland Aspen One by Whiteland — Truth Score 62/100: delivery risk, construction pace, legal and financial signals from RERA filings and public records.","Thinking of buying Whiteland Aspen One by Whiteland? Explore legal risks, construction progress, pricing, developer history and delivery outlook before booking.",160,"Replaced methodology jargon with high-intent buyer decision keywords (Review, Worth Buying, Legal Risks, Delivery Outlook) and a Truth Score hook to maximize SERP click-through rate."
75,Whiteland Urban Resort / Westin Residences Phase - 1,Whiteland,61,Whiteland Urban Resort / Westin Residences Phase - 1 — Project Intelligence | Truth Estate,,0,"Independent read on Whiteland Urban Resort / Westin Residences Phase - 1 by Whiteland — Truth Score 61/100: delivery risk, construction pace, legal and financial signals from RERA filings and public records.","Should you buy Whiteland Urban Resort / Westin Residences Phase - 1? Review legal risks, construction progress, pricing and delivery outlook before booking.",156,"Replaced methodology jargon with high-intent buyer decision keywords (Review, Worth Buying, Legal Risks, Delivery Outlook) and a Truth Score hook to maximize SERP click-through rate."
76,Experion The Trillion,Experion,61,Experion The Trillion — Project Intelligence | Truth Estate,Experion The Trillion Review: Worth Buying? Truth Score 61,58,"Independent read on Experion The Trillion by Experion — Truth Score 61/100: delivery risk, construction pace, legal and financial signals from RERA filings and public records.","Considering an investment in Experion The Trillion by Experion? Uncover legal risks, construction progress, pricing and delivery outlook before booking.",152,"Replaced methodology jargon with high-intent buyer decision keywords (Review, Worth Buying, Legal Risks, Delivery Outlook) and a Truth Score hook to maximize SERP click-through rate."
77,BIRLA PRAVAAH,Birla Estates,61,BIRLA PRAVAAH — Project Intelligence | Truth Estate,BIRLA PRAVAAH Review (2026): Worth Buying? Truth Score 61,57,"Independent read on BIRLA PRAVAAH by Birla Estates — Truth Score 61/100: delivery risk, construction pace, legal and financial signals from RERA filings and public records.","Should you buy BIRLA PRAVAAH by Birla Estates? Discover legal risks, construction progress, pricing, developer track record and delivery outlook before booking.",160,"Replaced methodology jargon with high-intent buyer decision keywords (Review, Worth Buying, Legal Risks, Delivery Outlook) and a Truth Score hook to maximize SERP click-through rate."
78,Ashiana Mulberry Phase - 2,Ashiana Group,61,Ashiana Mulberry Phase - 2 — Project Intelligence | Truth Estate,Ashiana Mulberry Phase - 2 Review: Verdict & Truth Score 61,59,"Independent read on Ashiana Mulberry Phase - 2 by Ashiana Group — Truth Score 61/100: delivery risk, construction pace, legal and financial signals from RERA filings and public records.","Considering Ashiana Mulberry Phase - 2 by Ashiana Group? Uncover legal risks, construction progress, pricing and delivery outlook before paying booking amount.",159,"Replaced methodology jargon with high-intent buyer decision keywords (Review, Worth Buying, Legal Risks, Delivery Outlook) and a Truth Score hook to maximize SERP click-through rate."
79,Emaar Serenity Hills Phase - 1,Emaar,60,Emaar Serenity Hills Phase - 1 — Project Intelligence | Truth Estate,Emaar Serenity Hills Phase - 1 Review: Verdict & Score 60,57,"Independent read on Emaar Serenity Hills Phase - 1 by Emaar — Truth Score 60/100: delivery risk, construction pace, legal and financial signals from RERA filings and public records.","Considering an investment in Emaar Serenity Hills Phase - 1 by Emaar? Uncover legal risks, construction progress, pricing and delivery outlook before booking.",158,"Replaced methodology jargon with high-intent buyer decision keywords (Review, Worth Buying, Legal Risks, Delivery Outlook) and a Truth Score hook to maximize SERP click-through rate."
80,Godrej Sora,Godrej,60,Godrej Sora — Project Intelligence | Truth Estate,Godrej Sora Review (2026): Worth Buying? Truth Score 60,55,"Independent read on Godrej Sora by Godrej — Truth Score 60/100: delivery risk, construction pace, legal and financial signals from RERA filings and public records.","Should you buy Godrej Sora by Godrej? Discover legal risks, construction progress, pricing, developer track record and delivery outlook before booking.",151,"Replaced methodology jargon with high-intent buyer decision keywords (Review, Worth Buying, Legal Risks, Delivery Outlook) and a Truth Score hook to maximize SERP click-through rate."
81,Signature Global Sarvam,Signature Global,60,Signature Global Sarvam — Project Intelligence | Truth Estate,Signature Global Sarvam Review: Worth Buying? Truth Score 60,60,"Independent read on Signature Global Sarvam by Signature Global — Truth Score 60/100: delivery risk, construction pace, legal and financial signals from RERA filings and public records.","Considering Signature Global Sarvam by Signature Global? Uncover legal risks, construction progress, pricing and delivery outlook before paying booking amount.",159,"Replaced methodology jargon with high-intent buyer decision keywords (Review, Worth Buying, Legal Risks, Delivery Outlook) and a Truth Score hook to maximize SERP click-through rate."
82,Sobha Aranya Phase-1,Sobha,60,Sobha Aranya Phase-1 — Project Intelligence | Truth Estate,Sobha Aranya Phase-1 Review: Worth Buying? Truth Score 60,57,"Independent read on Sobha Aranya Phase-1 by Sobha — Truth Score 60/100: delivery risk, construction pace, legal and financial signals from RERA filings and public records.","Should you buy Sobha Aranya Phase-1 by Sobha? Discover legal risks, construction progress, pricing, developer track record and delivery outlook before booking.",159,"Replaced methodology jargon with high-intent buyer decision keywords (Review, Worth Buying, Legal Risks, Delivery Outlook) and a Truth Score hook to maximize SERP click-through rate."
83,Sobha Altus,Sobha,60,Sobha Altus — Project Intelligence | Truth Estate,Sobha Altus Review (2026): Worth Buying? Truth Score 60,55,"Independent read on Sobha Altus by Sobha — Truth Score 60/100: delivery risk, construction pace, legal and financial signals from RERA filings and public records.","Should you buy Sobha Altus by Sobha? Discover legal risks, construction progress, pricing, developer track record and delivery outlook before booking.",150,"Replaced methodology jargon with high-intent buyer decision keywords (Review, Worth Buying, Legal Risks, Delivery Outlook) and a Truth Score hook to maximize SERP click-through rate."
84,Godrej Astra,Godrej,59,Godrej Astra — Project Intelligence | Truth Estate,Godrej Astra Review (2026): Worth Buying? Truth Score 59,56,"Independent read on Godrej Astra by Godrej — Truth Score 59/100: delivery risk, construction pace, legal and financial signals from RERA filings and public records.","Should you buy Godrej Astra by Godrej? Discover legal risks, construction progress, pricing, developer track record and delivery outlook before booking.",152,"Replaced methodology jargon with high-intent buyer decision keywords (Review, Worth Buying, Legal Risks, Delivery Outlook) and a Truth Score hook to maximize SERP click-through rate."
85,Emaar Serenity Hills Phase - 2,Emaar,59,Emaar Serenity Hills Phase - 2 — Project Intelligence | Truth Estate,Emaar Serenity Hills Phase - 2 Review: Verdict & Score 59,57,"Independent read on Emaar Serenity Hills Phase - 2 by Emaar — Truth Score 59/100: delivery risk, construction pace, legal and financial signals from RERA filings and public records.","Considering an investment in Emaar Serenity Hills Phase - 2 by Emaar? Uncover legal risks, construction progress, pricing and delivery outlook before booking.",158,"Replaced methodology jargon with high-intent buyer decision keywords (Review, Worth Buying, Legal Risks, Delivery Outlook) and a Truth Score hook to maximize SERP click-through rate."
86,Godrej Miraya,Godrej,58,Godrej Miraya — Project Intelligence | Truth Estate,Godrej Miraya Review (2026): Worth Buying? Truth Score 58,57,"Independent read on Godrej Miraya by Godrej — Truth Score 58/100: delivery risk, construction pace, legal and financial signals from RERA filings and public records.","Should you buy Godrej Miraya by Godrej? Discover legal risks, construction progress, pricing, developer track record and delivery outlook before booking.",153,"Replaced methodology jargon with high-intent buyer decision keywords (Review, Worth Buying, Legal Risks, Delivery Outlook) and a Truth Score hook to maximize SERP click-through rate."
87,Godrej Alira,Godrej,58,Godrej Alira — Project Intelligence | Truth Estate,Godrej Alira Review (2026): Worth Buying? Truth Score 58,56,"Independent read on Godrej Alira by Godrej — Truth Score 58/100: delivery risk, construction pace, legal and financial signals from RERA filings and public records.","Should you buy Godrej Alira by Godrej? Discover legal risks, construction progress, pricing, developer track record and delivery outlook before booking.",152,"Replaced methodology jargon with high-intent buyer decision keywords (Review, Worth Buying, Legal Risks, Delivery Outlook) and a Truth Score hook to maximize SERP click-through rate."
88,Birla Navya - Avik (PHASE-2),Birla Estates,58,Birla Navya - Avik (PHASE-2) — Project Intelligence | Truth Estate,Birla Navya - Avik (PHASE-2) Review: Worth Buying? Score 58,59,"Independent read on Birla Navya - Avik (PHASE-2) by Birla Estates — Truth Score 58/100: delivery risk, construction pace, legal and financial signals from RERA filings and public records.","Should you buy Birla Navya - Avik (PHASE-2)? Review legal risks, construction progress, pricing and delivery outlook before paying your booking amount.",151,"Replaced methodology jargon with high-intent buyer decision keywords (Review, Worth Buying, Legal Risks, Delivery Outlook) and a Truth Score hook to maximize SERP click-through rate."
89,Tulip Crimson,Tulip,58,Tulip Crimson — Project Intelligence | Truth Estate,Tulip Crimson Review (2026): Worth Buying? Truth Score 58,57,"Independent read on Tulip Crimson by Tulip — Truth Score 58/100: delivery risk, construction pace, legal and financial signals from RERA filings and public records.","Should you buy Tulip Crimson by Tulip? Discover legal risks, construction progress, pricing, developer track record and delivery outlook before booking.",152,"Replaced methodology jargon with high-intent buyer decision keywords (Review, Worth Buying, Legal Risks, Delivery Outlook) and a Truth Score hook to maximize SERP click-through rate."
90,Birla Arika Phase - 2,Birla Estates,57,Birla Arika Phase - 2 — Project Intelligence | Truth Estate,Birla Arika Phase - 2 Review: Worth Buying? Truth Score 57,58,"Independent read on Birla Arika Phase - 2 by Birla Estates — Truth Score 57/100: delivery risk, construction pace, legal and financial signals from RERA filings and public records.","Considering an investment in Birla Arika Phase - 2 by Birla Estates? Uncover legal risks, construction progress, pricing and delivery outlook before booking.",157,"Replaced methodology jargon with high-intent buyer decision keywords (Review, Worth Buying, Legal Risks, Delivery Outlook) and a Truth Score hook to maximize SERP click-through rate."
91,Whiteland Urban Resort / Westin Residences Phase - 2,Whiteland,57,Whiteland Urban Resort / Westin Residences Phase - 2 — Project Intelligence | Truth Estate,,0,"Independent read on Whiteland Urban Resort / Westin Residences Phase - 2 by Whiteland — Truth Score 57/100: delivery risk, construction pace, legal and financial signals from RERA filings and public records.","Should you buy Whiteland Urban Resort / Westin Residences Phase - 2? Review legal risks, construction progress, pricing and delivery outlook before booking.",156,"Replaced methodology jargon with high-intent buyer decision keywords (Review, Worth Buying, Legal Risks, Delivery Outlook) and a Truth Score hook to maximize SERP click-through rate."
92,Birla Navya Avik Phase - 1,Birla Estates,57,Birla Navya Avik Phase - 1 — Project Intelligence | Truth Estate,Birla Navya Avik Phase - 1 Review: Verdict & Truth Score 57,59,"Independent read on Birla Navya Avik Phase - 1 by Birla Estates — Truth Score 57/100: delivery risk, construction pace, legal and financial signals from RERA filings and public records.","Considering Birla Navya Avik Phase - 1 by Birla Estates? Uncover legal risks, construction progress, pricing and delivery outlook before paying booking amount.",159,"Replaced methodology jargon with high-intent buyer decision keywords (Review, Worth Buying, Legal Risks, Delivery Outlook) and a Truth Score hook to maximize SERP click-through rate."
93,Tulip Melrose,Tulip,57,Tulip Melrose — Project Intelligence | Truth Estate,Tulip Melrose Review (2026): Worth Buying? Truth Score 57,57,"Independent read on Tulip Melrose by Tulip — Truth Score 57/100: delivery risk, construction pace, legal and financial signals from RERA filings and public records.","Should you buy Tulip Melrose by Tulip? Discover legal risks, construction progress, pricing, developer track record and delivery outlook before booking.",152,"Replaced methodology jargon with high-intent buyer decision keywords (Review, Worth Buying, Legal Risks, Delivery Outlook) and a Truth Score hook to maximize SERP click-through rate."
94,Godrej Habitat,Godrej,56,Godrej Habitat — Project Intelligence | Truth Estate,Godrej Habitat Review (2026): Worth Buying? Truth Score 56,58,"Independent read on Godrej Habitat by Godrej — Truth Score 56/100: delivery risk, construction pace, legal and financial signals from RERA filings and public records.","Should you buy Godrej Habitat by Godrej? Discover legal risks, construction progress, pricing, developer track record and delivery outlook before booking.",154,"Replaced methodology jargon with high-intent buyer decision keywords (Review, Worth Buying, Legal Risks, Delivery Outlook) and a Truth Score hook to maximize SERP click-through rate."
95,Max Estate 361,Max Estates,56,Max Estate 361 — Project Intelligence | Truth Estate,Max Estate 361 Review (2026): Worth Buying? Truth Score 56,58,"Independent read on Max Estate 361 by Max Estates — Truth Score 56/100: delivery risk, construction pace, legal and financial signals from RERA filings and public records.","Should you buy Max Estate 361 by Max Estates? Discover legal risks, construction progress, pricing, developer track record and delivery outlook before booking.",159,"Replaced methodology jargon with high-intent buyer decision keywords (Review, Worth Buying, Legal Risks, Delivery Outlook) and a Truth Score hook to maximize SERP click-through rate."
96,Birla Navya - Anaika,Birla Estates,56,Birla Navya - Anaika — Project Intelligence | Truth Estate,Birla Navya - Anaika Review: Worth Buying? Truth Score 56,57,"Independent read on Birla Navya - Anaika by Birla Estates — Truth Score 56/100: delivery risk, construction pace, legal and financial signals from RERA filings and public records.","Considering an investment in Birla Navya - Anaika by Birla Estates? Uncover legal risks, construction progress, pricing and delivery outlook before booking.",156,"Replaced methodology jargon with high-intent buyer decision keywords (Review, Worth Buying, Legal Risks, Delivery Outlook) and a Truth Score hook to maximize SERP click-through rate."
97,Godrej Vrikshya,Godrej,55,Godrej Vrikshya — Project Intelligence | Truth Estate,Godrej Vrikshya Review (2026): Worth Buying? Truth Score 55,59,"Independent read on Godrej Vrikshya by Godrej — Truth Score 55/100: delivery risk, construction pace, legal and financial signals from RERA filings and public records.","Should you buy Godrej Vrikshya by Godrej? Discover legal risks, construction progress, pricing, developer track record and delivery outlook before booking.",155,"Replaced methodology jargon with high-intent buyer decision keywords (Review, Worth Buying, Legal Risks, Delivery Outlook) and a Truth Score hook to maximize SERP click-through rate."
